url,title,last_visit_time
https://www.booking.com/index.html?aid=1743217,Travel,2025-01-02 23:21
https://travelsites.com/expedia/,Travel,2025-10-30 12:29
https://travelsites.com/tripadvisor/,Travel,2025-07-12 05:55
https://www.momondo.in/?ispredir=true,Travel,2025-03-06 18:26
https://www.ebookers.com/?AFFCID=EBOOKERS-UK.network.affiliatewindow.85386&awc=7904_1606029543_518c2af76500871f76cadec26f8eb055,Travel,2025-01-20 14:53
https://book.priceline.com/?refid=8431&refclickid=d196c1c3cad4c6e474196ac6815f9652,Travel,2025-12-10 11:03
https://www.trip.com/index?locale=en_us&allianceid=21934&SID=455408&ouid=198c18a52c8911eb811b00ce0a18050d,Travel,2025-01-02 04:49
https://www.orbitz.com/,Travel,2025-07-05 06:56
https://www.travelocity.com/,Travel,2025-08-27 15:15
https://www.hotwire.com/,Travel,2025-08-16 08:00
https://www.otel.com/,Travel,2025-07-27 10:29
https://www.ebookers.com/?AFFCID=EBOOKERS-UK.network.affiliatewindow.85386&awc=7904_1606041576_a3c281bcb3eae0af35b22b076d1074ae,Travel,2025-10-21 11:38
https://www.airbnb.co.in/?locale=en&_set_bev_on_new_domain=1606041642_YjI0OGQ3OWI5MDI2,Travel,2025-03-03 05:20
https://in.lastminute.com/,Travel,2025-07-15 12:31
https://www.onthebeach.co.uk/?Adnetwork=aw&afid=85386&mv_pc=AW&awc=3655_1606041657_3771582e5a1d8da6c1b3321d83f9f0c4&utm_source=AWIN&utm_medium=affiliates&utm_campaign=85386,Travel,2025-08-23 06:14
https://www.kayak.co.in/?ispredir=true,Travel,2025-11-30 11:17
https://www.marriott.com/default.mi?aff=MARWW&affname=10l1110&co=WW&nt=PH,Travel,2025-06-15 20:39
https://www.costcotravel.com/,Travel,2025-10-13 01:27
https://www.hoteltonight.com/,Travel,2025-09-15 01:25
https://hoteltravelclub.com/,Travel,2025-12-09 11:34
https://www.wyndhamhotels.com/en-uk/ramada,Travel,2025-07-23 05:21
https://westin.marriott.com/,Travel,2025-12-23 06:54
https://www.capellahotels.com/en/capella-ubud,Travel,2025-11-09 21:23
http://www.hotelamparo.com/,Travel,2025-10-10 00:29
https://fogoislandinn.ca/,Travel,2025-06-27 16:31
https://www.ritzcarlton.com/en/hotels/indonesia/bali#Hotel,Travel,2025-02-15 06:48
https://secretbay.dm/,Travel,2025-05-11 12:35
https://canaves.com/canaves-oia-epitome/,Travel,2025-08-02 02:39
https://www.sunsetkeycottages.com/,Travel,2025-02-19 07:12
https://www.twinfarms.com/,Travel,2025-12-21 03:12
https://www.pueblobonito.com/resorts/emerald-bay,Travel,2025-09-24 21:15
https://nihi.com/,Travel,2025-12-09 17:07
https://www.viceroyhotelsandresorts.com/los-cabos,Travel,2025-12-25 01:30
https://www.mandarinoriental.com/munich/altstadt/luxury-hotel,Travel,2025-01-10 06:13
https://northblockhotel.com/,Travel,2025-09-09 19:02
https://www.milestonehotel.com/?cjevent=4ec1f2f92cc511eb834e01140a180510,Travel,2025-03-28 01:28
https://www.rockhouse.com/,Social Networking and Messaging,2025-05-03 23:16
https://www.affordabletours.com/,Travel,2025-09-29 18:16
https://www.totallyspain.com/,Travel,2025-06-17 05:31
https://dreamworldtravel.co.uk/,Travel,2025-05-24 11:31
https://www.joytours.com/,Travel,2025-02-26 17:29
https://njewasafaris.com/,Travel,2025-04-30 11:42
https://www.nepalspiritualtrekking.com/,Travel,2025-10-05 21:05
https://www.aandftour.com//,News,2025-05-09 10:13
https://inkaexperience.com/,Travel,2025-05-24 22:26
http://www.peru-travels.com/,Travel,2025-06-13 11:48
https://www.shiptoshoretravelltd.com/,Travel,2025-12-27 07:27
https://www.hnltravel.com/index.html,Travel,2025-12-23 21:39
https://islanddreamsworldtravel.com/,Travel,2025-02-02 22:05
http://www.okeanostravel.com/,Travel,2025-09-12 22:36
https://www.discovermongolia.mn/,Travel,2025-12-12 20:47
https://www.turansa.com/,Travel,2025-09-26 23:40
https://albatros-travel.com/,Travel,2025-02-27 03:42
http://www.kenyadreamholidays.com/,Travel,2025-05-11 23:30
https://fts-travels.com/,Travel,2025-02-14 01:21
http://www.aimadventures.com/,Travel,2025-03-09 14:28
https://www.nbitravel.com/,Travel,2025-04-01 22:09
http://www.justcruisinplus.com/,Travel,2025-11-10 02:17
https://www.dwwatsontravel.com/,Travel,2025-12-27 00:38
http://essentialdownunder.com/,Travel,2025-05-09 11:02
https://www.phuket-trips.com/,Travel,2025-08-04 11:46
http://www.golfholidaysintl.com/,Travel,2025-06-22 19:40
http://www.zentravel.gr/,Travel,2025-04-11 03:04
https://circuitosturquia.com/,Travel,2025-02-20 12:47
http://www.jjbtravel.com/,Travel,2025-11-22 04:16
https://www.ethiousatour.com/,Travel,2025-08-03 15:18
https://agavetravelcreative.com/,Travel,2025-06-06 21:17
https://www.oberoihotels.com/hotels-in-jaipur-rajvilas-resort/?utm_source=affred&utm_medium=aff&utm_campaign=gbl-affmkt&_affclk=ttuk:118609::0::118609::143859c9f626eb0724f38065d097d658::::1606071865:902jip,Travel,2025-07-05 07:10
https://www.jumeirah.com/en/stay/dubai/burj-al-arab-jumeirah,Travel,2025-10-06 19:45
https://tierrahotels.com/patagonia/,Travel,2025-06-12 16:59
https://www.hotelcaferoyal.com/,Travel,2025-06-18 04:21
https://www.ritzparis.com/en-GB,Travel,2025-01-31 17:55
https://www.thehousecollective.com/en/the-middle-house/,Travel,2025-07-23 08:18
https://www.grandhoteltremezzo.com/en/home/,Travel,2025-11-01 21:45
https://www.waldorfastorialoscabospedregal.com/,Travel,2025-05-22 18:21
https://www.andbeyond.com/our-lodges/africa/south-africa/kruger-national-park/ngala-private-game-reserve/andbeyond-ngala-safari-lodge/,Travel,2025-06-10 03:03
https://novotel.accor.com/gb/usa/index.shtml,Travel,2025-06-07 20:13
https://www.delta.com/apac/en,Travel,2025-05-21 15:01
https://www.jal.co.jp/inl/en/,Travel,2025-11-04 13:12
https://www.spicejet.com/,Travel,2025-01-04 20:46
https://www.airnewzealand.co.nz/homepage,Travel,2025-08-26 18:37
https://www.finnair.com/,Travel,2025-11-02 10:01
https://www.britishairways.com/travel/home/public/en_in/,Travel,2025-06-21 12:25
https://www.airvistara.com/in/en,Travel,2025-05-11 01:48
https://www.singaporeair.com/en_UK/in/home#/book/bookflight,Travel,2025-07-09 21:12
https://www.olacabs.com/,Travel,2025-04-08 02:41
https://www.meru.in/,Travel,2025-06-19 12:26
https://www.carzonrent.com/,Travel,2025-10-28 23:14
https://www.bharattaxi.com/,Travel,2025-03-01 22:38
https://www.megacabs.com/,Travel,2025-11-15 02:40
http://www.mytaxiindia.com/,Travel,2025-08-28 11:46
https://www.zoomcar.com/bangalore/,Travel,2025-04-19 18:44
https://www.lyft.com/,Travel,2025-12-25 15:57
https://www.grab.com/sg/transport/taxi/,Travel,2025-12-01 23:58
http://www.bitaksi.com/en/,Travel,2025-05-09 17:29
https://www.avaseakrabi.com/,Travel,2025-10-06 02:31
https://www.fariyas.com/resort-in-lonavala/,Travel,2025-07-04 08:47
https://www.fernhotels.com/,Travel,2025-07-30 18:56
https://www.tajhotels.com/,Travel,2025-07-16 23:27
https://www.montriresort-bangkok.com/,Travel,2025-05-03 22:50
https://www.tridenthotels.com/,Travel,2025-12-14 08:33
https://www.tropicanaalibaug.com/,Travel,2025-01-24 17:34
https://www.anantara.com/en/riverside-bangkok,Travel,2025-11-25 08:59
http://sunbeachresortgorai.com/,Travel,2025-10-17 05:47
https://waterfrontshaw.com/,Travel,2025-01-14 22:02
https://www.alliancehospitality.in/moksh_farms.html,Travel,2025-07-04 05:38
https://www.silenthillsresort.com/,Travel,2025-11-14 07:01
https://www.fubo.tv/lp/StreamTV/?irad=343747&irmp=398453&subId1=streamingservices&subId2=ckhgo1ujg00003r8zaneft7pl,Streaming Services,2025-05-10 16:50
https://www.hulu.com/,Streaming Services,2025-01-04 00:24
https://tv.youtube.com/,Streaming Services,2025-03-03 20:18
https://www.attwatchtv.com/,Streaming Services,2025-09-09 06:35
https://www.klowdtv.com/,Streaming Services,2025-07-10 18:23
https://corporate.pluto.tv/,Streaming Services,2025-09-07 07:22
https://www.xumo.tv/,Streaming Services,2025-11-30 02:41
https://www.zee5.com/,Streaming Services,2025-04-19 14:48
https://www.netflix.com/in/,Streaming Services,2025-08-17 06:23
https://www.bravotv.com,Streaming Services,2025-09-02 06:46
https://watch.diynetwork.com/watch/diy,Streaming Services,2025-09-21 08:41
https://abc.com,Streaming Services,2025-05-29 22:24
https://www.plex.tv,Streaming Services,2025-11-23 09:31
https://www.popcornflix.com/pages/discover/d/movies,Streaming Services,2025-05-19 20:00
https://www.netflix.com/in/,Streaming Services,2025-03-25 22:53
https://www.aetv.com,Streaming Services,2025-01-06 22:42
https://www.amebatv.com,Streaming Services,2025-02-10 19:27
https://www.ahctv.com,Streaming Services,2025-01-07 00:10
https://www.amc.com,Streaming Services,2025-05-01 08:18
https://www.cbs.com,Streaming Services,2025-08-24 16:55
https://www.contv.com/browse-movie/,Streaming Services,2025-02-15 16:24
https://www.epix.com,Streaming Services,2025-12-09 13:16
https://www.freeform.com,Streaming Services,2025-04-03 13:50
https://www.hmnow.com,Streaming Services,2025-06-21 21:04
https://www.here.tv,Streaming Services,2025-12-08 06:55
https://www.criterionchannel.com,Streaming Services,2025-12-21 06:04
https://upfaithandfamily.com,Streaming Services,2025-07-06 15:11
https://tubitv.com,Streaming Services,2025-02-26 14:28
https://www.iflix.com,Streaming Services,2025-10-07 07:47
https://www.vudu.com,Streaming Services,2025-09-06 18:11
https://123moviesfree.net/home,Streaming Services,2025-01-12 21:19
https://putlocker-is.org,Streaming Services,2025-10-05 13:32
https://www.kanopy.com,Streaming Services,2025-07-19 22:25
https://www.apple.com/itunes/,Streaming Services,2025-05-18 01:45
https://www.spotify.com/in/,Streaming Services,2025-04-29 11:17
https://music.youtube.com,Streaming Services,2025-09-14 14:38
https://music.amazon.in,Streaming Services,2025-04-03 02:09
https://www.hungama.com,Streaming Services,2025-06-30 15:54
https://soundcloud.com,Streaming Services,2025-05-29 13:42
https://www.jamendo.com/?language=en,Social Networking and Messaging,2025-08-12 22:05
https://www.soundclick.com,Streaming Services,2025-11-28 14:23
https://www.idagio.com,Streaming Services,2025-08-11 00:54
https://tidal.com,Streaming Services,2025-07-27 12:33
https://gaana.com,Streaming Services,2025-04-19 09:37
https://www.jiosaavn.com,Streaming Services,2025-03-25 10:39
https://www.apple.com/in/apple-music/,Streaming Services,2025-02-09 13:24
https://www.livexlive.com,Streaming Services,2025-03-01 20:36
https://us.napster.com,Streaming Services,2025-04-06 02:36
https://www.primephonic.com,Streaming Services,2025-02-24 12:40
https://groovesharks.org,Streaming Services,2025-08-31 02:55
https://www.murfie.com,Streaming Services,2025-10-31 20:01
https://www.anghami.com,Streaming Services,2025-03-09 00:21
https://www.epidemicsound.com,Streaming Services,2025-12-14 21:29
https://www.last.fm,Streaming Services,2025-03-18 20:44
https://blip.fm,Streaming Services,2025-06-15 12:46
https://www.jango.com,Streaming Services,2025-08-29 12:36
https://www.iheart.com/podcast/,Streaming Services,2025-03-17 18:39
https://vimeo.com,Streaming Services,2025-05-28 04:44
https://www.twitch.tv,Streaming Services,2025-12-25 14:42
https://livestream.com,Streaming Services,2025-04-29 20:58
https://www.periscope.tv,Streaming Services,2025-03-01 20:16
https://www.dacast.com,Streaming Services,2025-07-13 23:11
https://video.ibm.com,Streaming Services,2025-11-16 07:04
https://www.shoutcast.com,Streaming Services,2025-10-19 18:17
https://www.panopto.com,Streaming Services,2025-06-07 22:55
https://streamlabs.com,Streaming Services,2025-06-07 23:29
https://corp.kaltura.com,Streaming Services,2025-03-26 05:00
https://www.vplayed.com,Streaming Services,2025-06-12 06:24
https://dlive.tv,Streaming Services,2025-06-04 22:22
https://www.vmix.com,Streaming Services,2025-02-27 17:24
http://www.live555.com,Streaming Services,2025-01-17 15:17
https://www.facebook.com/formedia/solutions/facebook-live,Streaming Services,2025-09-04 04:13
https://clipbucket.com,Streaming Services,2025-06-24 02:13
https://www.ventunotech.com,Streaming Services,2025-06-25 07:38
https://www.shift72.com,Streaming Services,2025-08-31 16:26
https://instagib.tv,Streaming Services,2025-07-31 09:54
https://switchboard.live,Streaming Services,2025-12-22 12:22
https://streamyard.com,Streaming Services,2025-01-12 22:26
https://www.primevideo.com,Streaming Services,2025-06-18 22:20
https://mubi.com,Streaming Services,2025-05-20 20:01
https://www.sho.com/video/full-episodes,Streaming Services,2025-05-03 06:20
https://azm.to,Streaming Services,2025-03-25 22:09
https://www.broadwayhd.com,Streaming Services,2025-02-20 11:39
https://www.cameleon.live,Streaming Services,2025-09-17 02:33
https://www.hidive.com,Streaming Services,2025-05-13 05:26
https://www.medici.tv/en/,Streaming Services,2025-10-22 22:43
http://www.metacdn.com,Streaming Services,2025-12-11 12:23
https://quibi.com,Streaming Services,2025-10-14 16:57
https://www.shemarooent.com,Streaming Services,2025-04-07 07:29
https://www.siriusxm.com,Streaming Services,2025-12-04 21:21
https://www.att.com/tv/,Streaming Services,2025-10-29 02:43
https://tunein.com,Streaming Services,2025-09-18 17:46
https://www.purevolume.com/?safari=1,Streaming Services,2025-08-20 13:56
https://wynk.in/music,Streaming Services,2025-07-03 05:56
https://watch.mhzchoice.com,Streaming Services,2025-09-06 09:32
https://www.pantaya.com/en/movies,Streaming Services,2025-04-03 22:11
https://spuul.com,Streaming Services,2025-09-25 21:47
https://solarmovie.mom,Streaming Services,2025-02-14 16:21
https://gostreamsite.ga,Streaming Services,2025-02-05 08:41
https://www.imdb.com/tv/,Streaming Services,2025-08-23 06:33
https://moviestars.to,Streaming Services,2025-11-09 09:49
https://www.stream4u.net,Streaming Services,2025-02-02 04:10
https://ww5.fmovie.sc,Streaming Services,2025-06-06 01:30
http://www.streamlord.com/index.html,Streaming Services,2025-10-16 17:54
https://flixtor.is/home,Streaming Services,2025-06-14 06:13
https://www.yidio.com,Streaming Services,2025-06-07 18:18
https://sports.inquirer.net/,Sports,2025-04-11 10:03
https://wwos.nine.com.au/,Sports,2025-04-23 02:49
https://www.essentiallysports.com/,Sports,2025-08-16 21:13
https://www.insidesport.co/,Sports,2025-01-11 04:56
https://www.sportsnet.ca/,Sports,2025-12-17 10:21
https://www.theroar.com.au/,Sports,2025-05-08 07:35
https://canoe.com/category/sports/,Sports,2025-06-26 01:50
https://sportscafe.in/,Sports,2025-02-03 21:32
https://www.footballcritic.com/,Sports,2025-12-01 13:03
https://www.whatproswear.com/,Sports,2025-05-03 01:53
https://www.sportscrunch.in/,Sports,2025-11-04 18:06
https://arysports.tv/,Sports,2025-12-29 11:36
https://usatodayhss.com/,Sports,2025-07-15 19:56
https://www.thesportsnews.in/,Sports,2025-03-08 21:10
https://unafraidshow.com/,Sports,2025-09-19 05:57
https://worldinsport.com/,Sports,2025-08-24 22:13
http://www.indiansportsnews.com/,Sports,2025-12-14 15:56
https://www.sportsnewsireland.com/,Sports,2025-01-08 10:07
https://westwoodonesports.com/,Sports,2025-01-28 19:07
https://xtratime.in/,Sports,2025-03-23 09:00
https://www.sportelo.com.ng/,Sports,2025-12-14 02:20
https://sportsrenegade.com/,Sports,2025-01-07 12:47
https://www.thesportsmirror.com/,Sports,2025-09-20 15:23
https://franchisesports.co.uk/,Sports,2025-06-29 08:13
https://pacificnwsports.com/,Sports,2025-07-12 06:37
https://247sportsgist.com/,Sports,2025-01-11 21:03
https://www.sportelo.com.ng/,Sports,2025-05-08 02:33
https://sportsrenegade.com/,Sports,2025-02-11 18:40
https://prosportsoutlook.com/,Sports,2025-06-19 15:53
https://www.sportskanazee.com/,Sports,2025-08-04 19:58
https://tksportstalk.com/,Sports,2025-07-02 08:22
https://daenadsports.blogspot.com/,Sports,2025-05-22 13:44
https://sportsevolve.blogspot.com/,Sports,2025-01-15 06:42
https://www.sportspac12.com/,Sports,2025-08-19 14:37
http://www.manunitedforever.net/,Sports,2025-05-18 11:24
https://sportsration.com/,Sports,2025-01-20 21:53
https://www.footballaudit.com/,Sports,2025-04-21 20:03
https://www.csipacific.ca/,Sports,2025-10-10 20:16
https://www.thebuzzsports.com/,Sports,2025-08-31 12:16
https://prosportsoutlook.com/,Sports,2025-02-11 19:25
https://www.sporttechie.com/,Sports,2025-06-29 14:03
https://sportsnewsmoney.com/,Sports,2025-01-18 15:37
https://globalmoneyworld.com/index.php/category/global-world-sports/,Sports,2025-12-08 05:27
https://www.scout.com/,Sports,2025-06-10 05:16
https://sportsevolve.blogspot.com/,Sports,2025-06-03 14:13
https://seriouslysports.com/,Sports,2025-02-17 12:39
https://sportstar.thehindu.com/,Sports,2025-06-11 18:04
https://sportsinfonow.com/,Sports,2025-07-23 19:58
https://www.sportsmanagement.co.uk/index.cfm,Sports,2025-02-01 07:46
https://www.completesports.com/,Sports,2025-01-14 00:11
https://sportgrill.blog/,Sports,2025-11-27 22:53
https://blog.betzcenter.com/,Sports,2025-07-12 04:58
https://www.sportsplatform.in/,Social Networking and Messaging,2025-02-21 16:25
https://sportspages.in/blog/,Sports,2025-05-21 13:01
https://benwsportblog.wordpress.com/,Sports,2025-10-21 04:29
https://www.sportshype.online/,Sports,2025-03-14 11:44
http://kridangan.com/,Sports,2025-07-19 21:42
https://www.athletesanon.com/blog,Sports,2025-03-29 12:52
http://dailysport.co.ke/,Sports,2025-07-11 12:37
https://sportsvilla.wordpress.com/,Sports,2025-04-02 07:20
https://www.goal.com/en,Sports,2025-01-14 22:32
https://www.101greatgoals.com/,Sports,2025-10-31 06:37
https://www.thisisanfield.com/,Sports,2025-08-02 10:54
https://sport360.com/,Sports,2025-07-19 01:35
https://www.criclines.com/,Sports,2025-06-19 21:19
https://www.cricadium.com/,Sports,2025-06-05 01:20
https://cricblog.net/,Sports,2025-10-26 22:30
https://www.cricxtasy.com/,Sports,2025-11-06 03:17
https://www.beforeyoubet.com.au/,Sports,2025-11-14 04:41
https://www.zerocric.com/,Sports,2025-01-16 04:55
https://www.thefulltoss.com/,News,2025-09-25 13:29
https://www.sweepcricket.com/,Sports,2025-11-02 11:01
https://caribbeancricket.com/news,Sports,2025-10-24 17:24
https://cricket-cup.blogspot.com/,Sports,2025-12-18 07:30
https://www.mycricket.ae/,Sports,2025-11-18 04:29
https://caughtatpoint.com/,Sports,2025-10-09 09:55
https://www.qldcricket.com.au/,Sports,2025-10-05 23:30
https://www.starsandstripesfc.com/,Sports,2025-08-01 17:16
https://www.yoursoccerdose.com/,Sports,2025-05-21 22:46
https://www.liverpoolecho.co.uk/,Sports,2025-11-13 13:17
https://www.football.london/,Sports,2025-12-16 03:19
http://www.avillafan.com/,Sports,2025-07-30 18:05
http://www.just-football.com/,Sports,2025-01-30 17:57
https://onefootball.com/en/home,Sports,2025-10-08 18:46
https://www.nottinghampost.com/sport/football/,Sports,2025-09-17 02:40
https://www.soccerstats.com/,Sports,2025-10-03 21:37
https://www.diariogol.com/,Sports,2025-05-27 13:57
https://crickettimes.com/,Sports,2025-03-16 14:28
http://www.legaseriea.it/en,Sports,2025-12-06 18:10
https://arseblog.com/,Sports,2025-11-06 10:58
https://sportslens.com/,Sports,2025-04-11 08:12
https://www.transfermarkt.com/,Sports,2025-09-04 17:23
https://nypost.com/baseball/,Sports,2025-09-18 00:51
https://razzball.com/,Sports,2025-10-25 05:37
https://d1baseball.com/,Sports,2025-07-02 17:24
https://www.baseballamerica.com/,Sports,2025-11-05 10:03
https://www.baseball-reference.com/,Sports,2025-04-16 21:12
http://www.badzine.net/,Sports,2025-10-01 23:29
https://www.badmintonengland.co.uk/,Sports,2025-07-25 04:21
https://www.badmintonireland.com/,Sports,2025-05-06 20:13
http://everything-badminton.com/,Sports,2025-03-29 03:31
https://shuttlesmash.com/,Sports,2025-06-06 06:36
https://tennisforfree.com/,Sports,2025-06-08 10:24
https://www.wtatennis.com/,Sports,2025-09-19 16:02
https://www.tennis.com/,Sports,2025-08-13 16:38
https://www.tennisexplorer.com/,Sports,2025-12-01 03:14
https://secondlife.com/,Social Networking and Messaging,2025-09-02 08:02
https://www.paltalk.com/,Social Networking and Messaging,2025-03-02 20:44
https://secure.imvu.com/welcome/ftux/,Social Networking and Messaging,2025-01-08 18:20
https://enterchatroom.com/,Social Networking and Messaging,2025-08-08 05:27
https://www.antichat.me/,Social Networking and Messaging,2025-02-22 17:42
https://chatroulette.com/,Social Networking and Messaging,2025-01-13 05:33
https://rockchat.net/,Social Networking and Messaging,2025-01-17 10:31
https://www.chatforfree.org/,Social Networking and Messaging,2025-06-12 19:31
https://www.elitesingles.com/,Social Networking and Messaging,2025-12-27 06:29
https://www.charmdate.com/,Social Networking and Messaging,2025-04-23 01:41
https://www.321chat.com/,Social Networking and Messaging,2025-01-01 03:14
https://chat.icq.com/icqchat/,Social Networking and Messaging,2025-03-15 02:45
https://www.tendermeets.com/couple/chat-rooms.html,Social Networking and Messaging,2025-10-26 00:55
https://www.mocospace.com/,Social Networking and Messaging,2025-06-13 00:51
https://tinychat.com/,Social Networking and Messaging,2025-02-07 07:16
https://www.justchat.co.uk/,Social Networking and Messaging,2025-08-15 07:54
https://p.badoo.com/l/2f23922d23e23c25722521422122120b21,Social Networking and Messaging,2025-10-03 19:25
https://www.elitemate.com/,Social Networking and Messaging,2025-10-09 03:23
https://date.com/,Social Networking and Messaging,2025-02-16 16:45
https://www.flirt.com/,Social Networking and Messaging,2025-10-02 04:07
https://www.chatib.us/,Social Networking and Messaging,2025-10-08 21:27
https://www.wireclub.com/,Social Networking and Messaging,2025-09-19 07:33
https://www.match.com/,Social Networking and Messaging,2025-11-11 22:50
https://www.facebook.com/,Social Networking and Messaging,2025-09-28 21:04
https://www.youtube.com/,Social Networking and Messaging,2025-04-27 04:42
https://www.whatsapp.com/,Social Networking and Messaging,2025-09-17 08:58
https://messenger.com/,Social Networking and Messaging,2025-12-06 07:32
https://www.instagram.com/,Social Networking and Messaging,2025-12-12 19:07
https://www.tumblr.com/,Social Networking and Messaging,2025-05-08 22:57
https://www.linkedin.com/,Social Networking and Messaging,2025-07-30 20:04
https://www.snapchat.com/,Social Networking and Messaging,2025-12-17 20:42
https://www.pinterest.com/,Social Networking and Messaging,2025-11-04 06:56
https://line.me/en/,Social Networking and Messaging,2025-10-21 01:50
https://telegram.org/,Social Networking and Messaging,2025-06-06 15:46
https://www.321chat.com/,Social Networking and Messaging,2025-01-22 05:18
https://www.chat-avenue.com/,Social Networking and Messaging,2025-05-19 01:19
https://www.wireclub.com/,Social Networking and Messaging,2025-01-23 17:14
http://www.paltalk.com/,Social Networking and Messaging,2025-07-12 10:04
https://ukchat.com/,Social Networking and Messaging,2025-03-08 11:05
https://www.kidschat.net/,Social Networking and Messaging,2025-03-31 08:05
https://www.teen-chat.org/,Social Networking and Messaging,2025-01-22 15:50
https://www.tinychat.com/,Social Networking and Messaging,2025-09-26 07:17
https://y99.in/,Social Networking and Messaging,2025-01-18 02:24
https://chat.tripsit.me/,Social Networking and Messaging,2025-02-09 04:39
https://www.omegle.com/,Social Networking and Messaging,2025-04-26 02:04
https://allotalk.com/,Social Networking and Messaging,2025-05-26 15:34
http://www.rphaven.com/,Social Networking and Messaging,2025-01-02 03:35
https://www.buzzen.com/,Social Networking and Messaging,2025-02-07 12:18
https://www.chat27.co.za/,Social Networking and Messaging,2025-09-28 09:10
http://b-gay.com/chat/,Social Networking and Messaging,2025-06-03 10:59
https://www.gaychat.zone/,Social Networking and Messaging,2025-09-18 20:21
https://www.buzz50.com/,Social Networking and Messaging,2025-03-14 18:32
https://seniorchatters.co.uk/,Social Networking and Messaging,2025-09-24 16:51
https://www.chatogo.com/,Social Networking and Messaging,2025-04-21 09:23
http://www.healthfulchat.org/all-chat-rooms.html,Social Networking and Messaging,2025-01-22 20:11
http://www.chathour.com/,Social Networking and Messaging,2025-04-04 00:00
https://www.spinchat.com/,Social Networking and Messaging,2025-10-08 02:46
https://xat.com/,Social Networking and Messaging,2025-01-14 08:42
https://www.chatblink.com/chat-list,Social Networking and Messaging,2025-09-25 23:39
https://en.lycos.social/,Social Networking and Messaging,2025-12-08 08:33
https://www.usachatnow.com/,Social Networking and Messaging,2025-02-08 07:26
http://www.icq-chat.com/,Social Networking and Messaging,2025-10-31 14:27
https://secondlife.com/,Social Networking and Messaging,2025-08-12 02:41
http://christianchat.com/,Social Networking and Messaging,2025-10-25 17:24
http://www.vpchat.com/,Social Networking and Messaging,2025-09-07 14:56
http://chattusa.com/,Social Networking and Messaging,2025-12-22 03:42
https://www.camamba.com/,Social Networking and Messaging,2025-12-26 13:30
http://www.blackchat.co.uk/blackchatold/hangout/,Social Networking and Messaging,2025-10-23 00:37
http://www.kidzworld.com/chat,Social Networking and Messaging,2025-09-26 18:52
http://www.jesusrocksonirc.net/,Social Networking and Messaging,2025-12-24 23:52
https://www.chatpit.com/,Social Networking and Messaging,2025-11-17 16:38
https://www.chatfamily.com/,Social Networking and Messaging,2025-08-02 13:44
https://www.diigo.com/,Social Networking and Messaging,2025-04-08 12:48
https://twitpic.com/,Social Networking and Messaging,2025-11-03 13:32
https://hi5.com/,Social Networking and Messaging,2025-12-14 01:13
http://xanga.com/,Social Networking and Messaging,2025-09-04 07:26
https://www.care2.com/,Social Networking and Messaging,2025-03-22 02:56
http://www.orkut.com/,Social Networking and Messaging,2025-11-23 13:52
https://getsatisfaction.com/,Social Networking and Messaging,2025-11-23 18:47
https://www.digitalcameraworld.com,Photography,2025-11-22 20:54
https://www.cambridgeincolour.com,Photography,2025-07-03 11:22
https://photographylife.com,Photography,2025-04-23 16:48
https://fstoppers.com,Photography,2025-01-16 05:41
https://camerajabber.com,Photography,2025-08-01 04:03
https://www.diyphotography.net,Photography,2025-01-24 02:52
https://iphonephotographyschool.com,Photography,2025-06-08 17:08
https://www.dpreview.com,Photography,2025-02-27 17:13
https://www.thesprucecrafts.com/photography-4162939,Photography,2025-12-29 07:35
https://500px.com,Photography,2025-12-16 18:59
https://www.thephotoargus.com,Photography,2025-08-22 06:33
https://levonbiss.com,Photography,2025-07-31 10:53
https://www.petermckinnon.com,Photography,2025-07-31 17:37
https://www.mpkelley.com,Photography,2025-12-22 13:46
https://blazinphoto.com,Photography,2025-07-23 19:40
http://www.harisnukem.com,Photography,2025-09-24 20:23
https://www.lieben.no,Photography,2025-12-22 03:17
https://www.branditoolephoto.com,Photography,2025-04-13 09:02
http://www.sanzlena.com,Photography,2025-04-14 07:29
https://www.kaylafisherphotography.com,Photography,2025-10-28 13:17
https://www.mathieustern.com,Photography,2025-02-28 23:25
https://cassandraladru.com,Photography,2025-01-05 20:54
https://www.danielkennedy.com,Photography,2025-04-20 03:39
https://daniloandsharon.com,Photography,2025-09-28 13:15
https://www.adambirdphotography.com,Photography,2025-09-10 17:32
https://www.moyo-studio.com,Photography,2025-01-20 15:30
https://alexisjuliaphoto.com,Photography,2025-04-27 12:06
https://www.davemorrowphotography.com/photography-fundamentals,Photography,2025-03-31 15:33
https://www.dodho.com,Photography,2025-01-09 15:16
https://thefashioncamera.com,Photography,2025-06-11 10:40
https://www.featureshoot.com,Photography,2025-04-01 10:58
http://intothenightphoto.blogspot.com,Photography,2025-01-01 03:27
https://www.fionakellyphotography.com/blog/,Photography,2025-08-01 05:30
https://www.behindtheshutter.com,Photography,2025-08-16 10:03
https://petapixel.com,Photography,2025-11-23 08:25
https://www.lightstalking.com,Photography,2025-08-08 01:48
https://www.photo.net,Photography,2025-11-17 14:42
https://www.picturecorrect.com,Photography,2025-12-29 02:31
https://www.slrlounge.com,Photography,2025-01-08 01:22
https://www.popphoto.com,Photography,2025-01-31 06:55
https://photography.tutsplus.com,Photography,2025-10-27 19:40
https://www.creativelive.com/photography?via=hero-freeform_1,Photography,2025-07-16 01:25
https://www.whatsthebest.co.uk/tech/photography/,Photography,2025-07-17 18:18
https://tomhull.co.uk,Photography,2025-07-01 12:46
https://www.linnimages.com,Photography,2025-09-25 02:42
https://www.amitmehra.com,Photography,2025-02-18 10:46
https://www.jillgreenberg.com,Photography,2025-02-13 02:05
https://www.jonathanglynnsmith.com,Photography,2025-10-13 22:38
https://www.nateluebbe.com,Photography,2025-03-11 10:30
http://www.brentstirton.com,Photography,2025-09-13 13:38
http://www.dollyave.com,Photography,2025-05-13 14:47
https://east.co,Photography,2025-01-19 02:33
https://www.360cities.net/,Photography,2025-07-02 21:56
https://www.bbc.com/news/in_pictures,Photography,2025-10-29 11:47
https://www.blipfoto.com/,Photography,2025-01-26 08:37
https://c4fap.org/,Photography,2025-08-18 10:15
https://www.deviantart.com/,Social Networking and Messaging,2025-08-09 21:15
https://www.coolphotoideas.com/,Photography,2025-07-03 15:34
https://www.digitalphotopro.com/technique/,Photography,2025-05-01 18:32
https://www.dpreview.com/,Photography,2025-03-20 04:04
https://digital-photography-school.com/,Photography,2025-09-25 20:28
http://www.ephotozine.com/,Photography,2025-01-24 06:10
https://filemagazine.com/,Photography,2025-05-04 09:59
https://www.ippawards.com/,Photography,2025-04-08 11:11
https://morguefile.com/,Photography,2025-05-01 09:42
https://www.capture-life.de/,Photography,2025-07-21 05:22
https://www.morganleephotographer.com/,Photography,2025-04-24 04:00
https://www.bulbcreative.co/,Photography,2025-02-03 03:59
https://josephhardin.com/,Photography,2025-07-08 16:49
https://rmweddingfilms.co.uk/,Photography,2025-04-28 04:44
https://mlphotofilm.com/,Photography,2025-11-15 08:04
https://www.velare.co/,Photography,2025-04-25 03:51
https://www.roseyredphotography.com/,Photography,2025-01-02 20:54
https://www.outdoorphotographer.com/,Photography,2025-08-27 21:22
https://www.naturephotographers.network/,Photography,2025-10-17 17:51
http://www.pawspetphotography.co.uk/galleries/,Photography,2025-06-08 13:02
https://www.photo.net/,Photography,2025-09-04 03:33
https://psa-photo.org/,Photography,2025-11-27 00:17
https://www.photographytalk.com/2,Photography,2025-01-29 17:05
http://markhancock.blogspot.com/,Photography,2025-12-15 13:10
http://www.photopreneur.com/,Photography,2025-08-29 15:37
http://pimpyourcam.com/,Photography,2025-11-25 06:42
https://www.pixyblog.com/,Photography,2025-02-22 06:47
https://rps.org/,Photography,2025-10-27 22:15
https://www.jillgreenberg.com/,Photography,2025-11-03 04:09
https://strobist.blogspot.com/,Photography,2025-09-02 16:44
https://thealbumcafe.com/,Photography,2025-04-23 20:12
https://theonlinephotographer.typepad.com/the_online_photographer/,Photography,2025-09-14 05:44
https://www.jonathanglynnsmith.com/,Photography,2025-01-08 00:10
http://www.weatherscapes.com/,Photography,2025-06-07 13:58
http://www.weatherscapes.com/,Photography,2025-09-22 18:23
https://www.jasonbellphoto.com/#/home/,Photography,2025-11-04 16:19
https://www.danielkennedy.com/,Photography,2025-06-16 07:39
https://news.google.com/,News,2025-08-03 12:54
https://news.yahoo.com/,News,2025-07-23 14:08
https://edition.cnn.com/,News,2025-10-19 05:29
https://www.bbc.com/news,News,2025-01-01 19:06
https://www.nytimes.com/,News,2025-09-10 14:19
https://www.theguardian.com/international,News,2025-06-11 02:45
https://www.washingtonpost.com/,News,2025-12-19 01:00
https://www.indiatimes.com/,News,2025-02-25 18:44
https://www.foxnews.com/,News,2025-01-01 01:54
https://www.usatoday.com/,News,2025-09-20 01:35
https://www.wsj.com/,News,2025-05-29 03:40
https://www.nbcnews.com/,News,2025-05-08 11:34
http://timesofindia.indiatimes.com/,News,2025-03-12 10:52
https://abcnews.go.com/,News,2025-09-21 10:07
https://sputniknews.com/,News,2025-08-12 22:47
https://www.abc.net.au/news/,News,2025-03-10 16:18
https://www.independent.co.uk/,News,2025-07-05 00:28
https://www.cbc.ca/news/,News,2025-04-02 20:47
https://www.thesun.co.uk/news/,News,2025-02-24 03:59
https://time.com/,News,2025-07-16 10:43
https://www.latimes.com/,News,2025-07-30 00:29
https://www.mirror.co.uk/https://news.sky.com/,News,2025-07-10 12:59
https://www.vox.com/,News,2025-05-30 17:23
https://www.smh.com.au/,News,2025-05-01 12:11
https://www.scmp.com/,News,2025-08-04 19:40
https://www.ctvnews.ca/,News,2025-08-01 18:19
https://www.france24.com/en/,News,2025-03-12 21:14
https://news24online.com/,News,2025-03-28 04:09
https://globalnews.ca/,News,2025-04-21 06:12
https://www.channelnewsasia.com/,News,2025-02-19 17:32
https://www.dkoding.in/,News,2025-10-05 05:48
https://ifp.co.in/,News,2025-02-12 18:18
https://www.rawstory.com/,News,2025-06-20 01:56
https://www.thestar.com/,News,2025-10-30 21:23
https://www.washingtontimes.com/,News,2025-06-14 18:05
https://www.todayonline.com/,News,2025-07-20 04:17
https://www.telegraphindia.com/,News,2025-03-01 21:54
https://www.newsnow.co.uk/h/World+News,News,2025-08-17 04:38
https://www.csmonitor.com/,News,2025-09-13 04:20
https://www.easternherald.com/,News,2025-04-25 08:13
https://world.wng.org/,News,2025-10-13 05:40
https://newsblaze.com/,News,2025-10-25 07:54
https://www.neweurope.eu/,News,2025-10-26 13:15
https://www.watchdoguganda.com/,News,2025-11-20 02:59
https://headlinecode.com/,News,2025-05-11 15:08
https://warritatafo.com/,News,2025-12-28 23:58
https://www.newsrust.com/,News,2025-06-03 12:50
https://globalpressjournal.com/,News,2025-08-25 01:27
https://newslanes.com/,News,2025-09-16 06:28
https://www.thenexthint.com/,News,2025-11-14 03:25
https://digitalive.world/,News,2025-07-11 12:10
https://www.newyorker.com/,News,2025-01-29 02:25
https://www.bbc.com/,News,2025-09-13 19:05
https://newszetu.com/,News,2025-03-17 08:29
https://weeklyworldnews.com/,News,2025-11-22 08:10
https://newsblenda.com/,News,2025-12-14 07:07
https://www.chron.com/,News,2025-08-20 19:05
https://www.news.com.au/,News,2025-11-16 13:26
https://www.nzherald.co.nz/,News,2025-06-26 22:40
https://www.scmp.com/,News,2025-07-28 22:03
https://abcnews.go.com/,News,2025-10-25 14:19
https://www.theguardian.com/,News,2025-02-16 20:39
http://www.bbc.com/,News,2025-07-11 23:36
https://www.huffpost.com/,News,2025-01-27 15:56
https://www.bloomberg.com/,News,2025-12-12 13:13
https://www.thedailybeast.com/,News,2025-06-15 21:13
https://publictv.in/,News,2025-07-01 20:32
http://www.neduwealth.com/,Photography,2025-02-10 12:55
https://yerozo.com/,News,2025-11-27 01:02
https://zemocity.com/,News,2025-10-17 19:53
https://newsobservatory.com/,News,2025-10-04 15:45
https://lionnetnews.com/,News,2025-11-03 13:08
https://www.thetimesinplainenglish.com/,News,2025-09-29 06:50
https://richardsnewsonline.com/,News,2025-02-04 03:13
https://balticword.eu/,News,2025-03-25 22:18
https://www.thelifecart.com/,News,2025-08-27 09:55
https://rightnowtimes.com/,News,2025-12-02 19:38
https://amnews247.com/,News,2025-09-25 12:41
https://thedetrend.com/,News,2025-04-04 07:11
https://breakingnewscentral.com/,News,2025-06-07 06:39
https://timespek.com/,Travel,2025-11-23 01:01
https://www.igorbnews.com/,News,2025-09-05 11:12
https://globalvisionuk.com/,News,2025-08-28 00:31
http://theweeklytide.com/,News,2025-08-11 02:08
http://www.justworldnews.com/,News,2025-05-30 11:06
https://www.avjnews.com/,News,2025-11-09 00:31
https://dainikviral.com/,News,2025-11-20 02:40
https://awkwardvibes.com/,News,2025-10-03 19:23
https://www.theworldwomennews.com/,News,2025-01-21 19:44
https://quicktrendnews.wordpress.com/,News,2025-05-24 15:21
https://thedailycanvas.com/,News,2025-01-25 03:12
https://www.excite-news.site/,News,2025-09-13 09:41
https://www.worldpresslive.com/,News,2025-10-13 12:00
https://reporterfox.com/,News,2025-05-21 04:21
https://www.suresource24.com/,News,2025-09-21 03:12
http://moef.gov.in,Law and Government,2025-12-31 14:31
http://goidirectory.nic.in/index.php,Law and Government,2025-09-14 18:03
https://pensionersportal.gov.in,Law and Government,2025-03-19 03:06
https://www.mea.gov.in,Law and Government,2025-02-09 05:27
https://www.finmin.nic.in,Law and Government,2025-01-24 22:10
https://www.mod.gov.in,Law and Government,2025-10-31 22:55
http://socialjustice.nic.in,Law and Government,2025-05-01 04:01
http://www.nmdfc.org,Law and Government,2025-06-24 16:28
https://mib.gov.in,Law and Government,2025-11-04 21:57
https://bombayhighcourt.nic.in,Law and Government,2025-10-03 07:17
https://lawmin.gov.in,Law and Government,2025-03-04 14:48
https://mumbaipolice.co.in,Law and Government,2025-01-25 10:34
http://narcoticsindia.nic.in,Law and Government,2025-09-06 05:09
https://www.upsc.gov.in,Law and Government,2025-04-03 18:35
https://www.indianarmy.nic.in/home,Law and Government,2025-04-14 07:31
http://www.ncbc.nic.in/Home.aspx,Law and Government,2025-10-19 18:58
https://indianairforce.nic.in,Law and Government,2025-08-30 19:30
http://ifs.nic.in,Law and Government,2025-09-11 16:31
https://ips.gov.in,Law and Government,2025-03-13 01:16
https://www.mha.gov.in,Law and Government,2025-07-04 11:20
https://www.nia.gov.in,Law and Government,2025-08-20 20:09
https://crpf.gov.in,Law and Government,2025-04-27 05:44
https://polisen.se/en/,Law and Government,2025-08-08 21:58
https://www.rcmp-grc.gc.ca,Law and Government,2025-12-25 01:41
https://www.canada.ca/en/security-intelligence-service.html,Law and Government,2025-03-30 03:15
https://www.fbi.gov,Law and Government,2025-06-01 09:34
https://www.cia.gov/index.html,Law and Government,2025-06-10 16:42
https://www.interpol.int/en,Law and Government,2025-01-23 20:46
http://government.ru/en/structure/,Law and Government,2025-10-14 01:23
https://www.asis.gov.au,Law and Government,2025-01-30 10:55
https://www.dea.gov,Law and Government,2025-10-08 09:11
https://www.ice.gov,Law and Government,2025-10-24 23:56
https://www.cbic.gov.in,Law and Government,2025-10-10 20:44
https://www.prisonministryindia.org,Law and Government,2025-07-20 03:02
https://www.bjs.gov,Law and Government,2025-07-27 16:42
https://www.ncjrs.gov,Law and Government,2025-03-23 13:07
https://www.justice.gov,Law and Government,2025-06-30 10:36
https://doj.gov.in,Law and Government,2025-03-22 07:56
https://nij.ojp.gov,Law and Government,2025-08-26 23:16
https://www.indianembassyusa.gov.in,Law and Government,2025-10-11 11:59
https://www.gst.gov.in,Law and Government,2025-05-29 03:37
https://www.incometaxindia.gov.in/Pages/default.aspx,Law and Government,2025-10-27 21:09
https://in.usembassy.gov,Law and Government,2025-01-01 08:56
https://portal2.passportindia.gov.in/AppOnlineProject/welcomeLink,Law and Government,2025-02-22 02:32
https://www.dof.gov.ph,Law and Government,2025-05-18 00:45
https://www.gov.scot,Law and Government,2025-06-05 16:53
http://www.police-foundation.org.uk,Law and Government,2025-04-28 08:17
https://bja.ojp.gov,Law and Government,2025-10-02 04:19
https://www.ojp.gov,Law and Government,2025-12-22 21:53
https://nicic.gov,Law and Government,2025-05-17 09:15
https://ovc.ojp.gov,Law and Government,2025-06-02 10:16
https://www.atf.gov,Law and Government,2025-12-13 02:11
https://www.policefoundationindia.org,Law and Government,2025-10-05 20:17
https://cops.usdoj.gov,Law and Government,2025-01-14 19:33
https://www.bop.gov,Law and Government,2025-10-16 03:05
https://cabsec.gov.in/index.php,Law and Government,2025-01-17 02:51
http://ncdrc.nic.in,Law and Government,2025-07-25 02:48
https://www.legislation.gov.uk,Law and Government,2025-03-06 10:55
https://www.indiacode.nic.in,Law and Government,2025-10-14 19:29
https://legalaffairs.gov.in,Law and Government,2025-01-19 00:42
https://www.congress.gov,Law and Government,2025-06-26 02:14
https://leginfo.legislature.ca.gov,Law and Government,2025-01-06 14:21
https://www.pmindia.gov.in/en/,Law and Government,2025-08-01 10:20
https://persmin.gov.in,Law and Government,2025-04-20 09:42
http://www.legislation.govt.nz,Law and Government,2025-01-14 20:43
https://eci.gov.in,Law and Government,2025-03-25 14:32
https://ceo.maharashtra.gov.in,Law and Government,2025-02-04 01:23
https://eci.gov.in,Law and Government,2025-10-09 04:48
https://www.fec.gov,Law and Government,2025-04-23 17:59
https://rti.gov.in,Law and Government,2025-10-02 05:44
https://www.legislation.sa.gov.au/index.aspx,Law and Government,2025-05-23 14:50
https://vote.gov,Law and Government,2025-06-02 14:08
https://www.eac.gov,Law and Government,2025-03-04 19:44
https://www.electoralcommission.org.uk,Law and Government,2025-06-03 18:54
https://loksabha.nic.in,Law and Government,2025-09-09 06:28
https://www.lawcom.gov.uk,Law and Government,2025-03-25 17:41
https://www.parliament.uk,Law and Government,2025-12-24 02:42
https://www.legis.state.pa.us,Law and Government,2025-10-14 23:48
https://www.legislation.wa.gov.au,Law and Government,2025-07-14 06:01
https://eparlib.nic.in,Law and Government,2025-12-11 14:43
https://www.ipu.org,Law and Government,2025-01-09 15:10
https://districts.ecourts.gov.in,Law and Government,2025-01-18 12:13
https://www.legis.iowa.gov,Law and Government,2025-04-04 19:52
https://www.army.mod.uk,Law and Government,2025-07-11 22:16
http://www.stmaryskids.org/,Health and Fitness,2025-11-03 23:08
http://www.kidswithfoodallergies.org/,Health and Fitness,2025-06-16 05:17
http://www.malecare.org/,Health and Fitness,2025-07-25 16:57
http://www.degosdisease.com/,Health and Fitness,2025-02-25 19:55
http://www.freedomhealthrecovery.com/,Health and Fitness,2025-08-29 04:22
http://www.freedomhealthrecovery.com/,Health and Fitness,2025-10-16 22:37
http://www.cancer.org/research/cancerfactsstatistics/index,Health and Fitness,2025-04-08 09:21
http://www.nymemory.org/,Health and Fitness,2025-08-27 03:54
http://www.yunkeracupuncture.com/,Health and Fitness,2025-02-20 06:16
http://www.curavet.com/,Health and Fitness,2025-11-19 04:42
http://www.wrlfmd.org/,Health and Fitness,2025-10-14 16:10
http://www.learnayurveda.com/research.html,Health and Fitness,2025-06-03 06:28
http://www.securethefuture.com/,Health and Fitness,2025-09-05 04:09
http://www.pocaan.org/,Health and Fitness,2025-01-09 08:42
http://www.idsociety.org/,Health and Fitness,2025-06-28 15:31
http://www.chikungunya.in/,Health and Fitness,2025-12-26 04:51
http://www.asthmastory.com/,Health and Fitness,2025-09-28 18:28
http://www.cellutitis.org/,Health and Fitness,2025-09-21 19:26
http://brokenjawtips.com/,Health and Fitness,2025-03-17 22:47
http://patient.info/,Health and Fitness,2025-09-04 21:51
https://www.mayoclinic.org/,Health and Fitness,2025-03-27 15:39
http://www.en.usz.ch/Pages/default.aspx,Health and Fitness,2025-02-27 14:38
https://www.nm.org/,Health and Fitness,2025-09-29 02:09
https://www.mountsinai.org/,Health and Fitness,2025-01-07 12:55
https://www.hamad.qa/EN/Pages/default.aspx,Health and Fitness,2025-09-06 02:39
https://www.saintfrancis.com/,Health and Fitness,2025-01-12 11:50
http://www.baylorhealth.com/Pages/Default.aspx,Health and Fitness,2025-06-15 16:26
https://www.luriechildrens.org/,Health and Fitness,2025-11-20 03:02
http://www.rivalfitnessseattle.com/,Health and Fitness,2025-10-22 19:32
https://www.studiomix.com/,Health and Fitness,2025-05-12 08:50
https://www.orangetheory.com/en-in/,Health and Fitness,2025-07-29 14:21
https://charlestonkettlebellclub.com/,Health and Fitness,2025-10-01 16:07
https://www.joyoushealth.com/,Health and Fitness,2025-09-19 08:16
http://www.thegymla.com/,Health and Fitness,2025-03-17 09:58
https://republicbos.com/,Health and Fitness,2025-11-10 05:55
https://www.ironbridgecrossfit.com/,Health and Fitness,2025-09-30 07:50
https://crosstownfitness.com/,Health and Fitness,2025-04-15 19:19
http://www.prevailboxing.com/,Health and Fitness,2025-12-17 08:21
http://portlandteamfitness.com/,Health and Fitness,2025-10-24 19:20
https://firebrandsports.com/,Health and Fitness,2025-01-30 15:51
https://pulsepdx.net/,Health and Fitness,2025-11-16 09:20
https://www.push511.com/,Health and Fitness,2025-01-03 12:51
https://www.fulcrumfitness.com/,Health and Fitness,2025-05-24 19:27
https://www.castlehillfitness.com/,Travel,2025-03-04 01:07
https://www.apollohospitals.com/,Health and Fitness,2025-10-10 21:56
https://www.fortishealthcare.com/,Health and Fitness,2025-12-23 05:34
https://www.maxhealthcare.in/,Health and Fitness,2025-01-27 11:37
https://www.narayanahealth.org/,Health and Fitness,2025-03-17 23:32
https://sgrh.com/,Health and Fitness,2025-07-03 23:12
https://www.ilbs.in/,Health and Fitness,2025-11-22 12:30
https://www.medanta.org/,Health and Fitness,2025-04-01 08:26
https://www.sankaranethralaya.org/,Health and Fitness,2025-05-13 11:30
https://carehospitals.com/,Health and Fitness,2025-06-11 19:12
https://carehospitals.com/,Health and Fitness,2025-11-07 22:26
https://www.ilbs.in/,Health and Fitness,2025-11-27 06:13
https://www.medanta.org/,Health and Fitness,2025-11-02 10:21
https://www.sankaranethralaya.org/,Health and Fitness,2025-06-23 07:50
https://carehospitals.com/,Health and Fitness,2025-08-18 00:10
https://carehospitals.com/,Health and Fitness,2025-11-04 05:30
https://safety.blr.com/,Health and Fitness,2025-06-06 03:19
http://www.rphworld.com/,Health and Fitness,2025-04-20 04:40
http://medlibrary.org/,Health and Fitness,2025-04-06 19:24
http://cshp-nb.ca/,Health and Fitness,2025-10-08 03:46
http://www.oilofpisces.com/,Health and Fitness,2025-09-17 18:08
http://www.aafp.org/,Health and Fitness,2025-02-20 03:36
http://www.oilofpisces.com/,Health and Fitness,2025-06-05 20:07
http://www.stmarymercy.org/,Health and Fitness,2025-12-20 02:20
http://aathermography.com/,Health and Fitness,2025-10-23 07:17
http://www.asma.org/,Health and Fitness,2025-05-27 14:05
http://ecps.md/,Health and Fitness,2025-07-25 12:00
http://www.poh.org/,Health and Fitness,2025-01-24 13:06
http://drpoulter.com/,Health and Fitness,2025-05-07 18:39
http://youngerfaces.com/,Health and Fitness,2025-05-17 16:16
http://www.renewman.com/,Health and Fitness,2025-03-11 18:12
http://www.badyogi.com/blog/,Health and Fitness,2025-10-24 19:12
https://yogawithadriene.com/blog/,Health and Fitness,2025-08-28 20:09
https://www.yogagirl.com/read,Health and Fitness,2025-10-06 19:18
https://www.yogajournal.com/,Health and Fitness,2025-12-18 01:09
https://yogajanda.com/blog/,Health and Fitness,2025-11-02 17:50
https://blog.spiritvoyage.com/,Health and Fitness,2025-08-14 09:43
https://www.yogabasics.com/practice/,Health and Fitness,2025-04-25 07:46
https://www.mindbodygreen.com/,Health and Fitness,2025-05-14 21:35
https://www.yogiapproved.com/,Health and Fitness,2025-06-28 21:52
https://blog.yogamatters.com/,Health and Fitness,2025-11-12 04:39
https://www.yogabycandace.com/blog,Health and Fitness,2025-06-14 16:44
https://iloveveterinary.com/,Health and Fitness,2025-07-05 16:23
https://www.viovet.co.uk/blog,Health and Fitness,2025-08-27 06:46
https://www.vettimes.co.uk/,News,2025-03-24 22:05
https://www.reddit.com/r/AskVet/,Health and Fitness,2025-09-25 19:34
https://www.avma.org/blog,Health and Fitness,2025-03-03 13:11
https://www.petpoisonhelpline.com/blog/,Health and Fitness,2025-10-08 19:54
https://medicalfuturist.com/,Health and Fitness,2025-07-06 21:53
https://www.webmd.com/,Health and Fitness,2025-12-19 14:00
https://www.everydayhealth.com/,Health and Fitness,2025-05-17 16:38
https://www.health.com/,Health and Fitness,2025-05-16 17:05
https://www.medscape.com/,Health and Fitness,2025-08-20 02:38
https://www.healthline.com/,Health and Fitness,2025-12-08 15:44
https://www.mercola.com/,Health and Fitness,2025-09-06 16:06
http://www.chess-poster.com/,Games,2025-01-14 15:58
http://onlinechessstrategy.com/,Games,2025-08-01 02:09
http://www.chessebook.com/,Games,2025-07-10 06:39
http://www.chessvideos.tv/,Games,2025-11-24 07:37
http://www.thechessworld.com/,Games,2025-08-09 12:04
http://www.chess.com/,Games,2025-07-13 17:53
http://chessbomb.com/,Games,2025-11-16 18:28
http://www.chessdom.com/,Games,2025-04-30 23:31
http://www.chessdryad.com/,Games,2025-04-03 19:48
http://www.chessgames.com/http://www.setupgroup.com/xo/,Games,2025-04-16 17:29
http://www.di.fc.ul.pt/~jpn/gv/,Games,2025-03-12 20:09
http://www.5straight.net/,Games,2025-06-07 08:10
http://boardgamegeek.com/boardgame/369/5ive-straight,Games,2025-10-05 13:12
http://www.boardgamegeek.com/game/2545,Games,2025-06-06 00:13
http://www.boardgamegeek.com/game/5120,Games,2025-02-01 14:59
https://en.wikipedia.org/wiki/Morabaraba,Games,2025-06-29 07:40
http://www.tradgames.org.uk/games/Nine-Mens-Morris.htm,Games,2025-08-08 20:19
http://www.cox-tv.com/games/rules/morris.html,Games,2025-11-06 06:54
http://www.chess.4mg.com/,Games,2025-04-27 21:14
http://www.chesspals.com/,Games,2025-05-12 12:36
https://www.pagat.com/adders/,Games,2025-06-30 19:12
http://members.tripod.com/~Germantown_Peggers/cribfrms.htm,Games,2025-01-21 16:21
http://www.cribbage.org/,Games,2025-10-15 07:30
http://www.pagat.com/rummy/handfoot.html,Games,2025-03-21 21:58
http://ace2three.com/,Games,2025-03-06 13:59
http://ginrummytournaments.com/,Games,2025-05-21 23:27
http://cardgames.io/ginrummy/,Games,2025-03-07 15:24
http://www.onlinecasinoreports.com/casinogames/online-gin-rummy.php,Games,2025-03-06 05:18
https://www.pagat.com/rummy/ginrummy.html,Games,2025-03-12 08:06
http://www.mu.org/~doug/mao/,Games,2025-01-29 11:55
http://www.wikipedia.org/wiki/President_(game),Games,2025-05-12 23:40
http://www.realbeer.com/fun/games/games-353.php,Games,2025-07-29 23:41
http://www.pagat.com/patience/,Games,2025-10-07 11:47
http://www.chessandpoker.com/solitaire_strategy.html,Games,2025-03-19 22:08
http://www.pagat.com/invented/cribbage_solitaire.html,Games,2025-04-03 11:21
http://www.funagain.com/cgi-bin/funagain/04222,Games,2025-08-06 23:16
http://www.rpg.net/news+reviews/reviews/rev_4588.html,Games,2025-09-15 15:36
http://www.pevans.co.uk/Reviews/BigCheese.html,Games,2025-06-25 12:06
http://www.angelfire.com/pq/Urhixidur/Nuke/Nuke.html,Games,2025-07-23 19:18
http://www.atlas-games.com/onceuponatime/,Games,2025-02-21 13:17
http://gamecabinet.com/rules/OnceUponATimeVariant.html,Games,2025-02-19 10:17
http://www.portmacquariebridge.websyte.com.au/,Games,2025-05-03 00:30
http://www.pmhbridge.com.au/,E-Commerce,2025-07-09 09:40
http://quicktricks.com.au/,Games,2025-06-19 09:26
http://www.trumps.net.au/,Games,2025-10-30 18:58
http://www.twintowns.bridgeaustralia.org/,Games,2025-10-06 02:11
http://www.atarihq.com/museum/coinops/index.html,Games,2025-11-26 05:11
http://www.arcadebelgium.be/,Games,2025-01-18 10:24
http://www.larwe.com/coinop/index.html,Games,2025-07-18 07:55
http://www.games-db.com/Arcade/,Games,2025-01-10 14:25
http://www.arcade-history.com/,Games,2025-12-22 06:27
http://members.tripod.com/~AWalden/,Games,2025-03-22 09:40
http://home.hiwaay.net/~lkseitz/cvg/nexus/,Games,2025-11-26 20:04
http://members.tripod.com/~hamishf/,Games,2025-04-04 00:56
http://members.tripod.com/mannix20/,Games,2025-04-28 14:56
http://members.tripod.com/nylatenite/gamersparadise.htm,Games,2025-01-01 15:52
http://www.russprince.com/cabinet/,Games,2025-07-20 23:15
http://txshowdown.com/,Games,2025-08-31 13:47
http://www.vaps.org/,Games,2025-06-25 07:35
http://www.ionpool.net/arcade/asteroidtech/asteroidsrepair.html,Games,2025-03-24 07:52
http://www.ionpool.net/arcade/irobot/anderson/,Games,2025-02-08 01:16
http://www.basementarcade.com/arcade/toobin/,Games,2025-11-14 10:01
http://www.flippers.com/,Games,2025-08-13 12:56
http://www.ksarcade.net/,Games,2025-06-09 22:03
http://economypinballrepair.weebly.com/,Games,2025-01-22 20:14
http://mezelmods.com/,Games,2025-12-08 01:57
http://www.moorepinballs.com/,Games,2025-09-01 14:02
http://www.mopinball.com/,Games,2025-09-01 17:54
http://www.dickestel.com/classicexpo.htm,Games,2025-06-19 17:05
http://www.dickestel.com/classicexpo2004.htm,Games,2025-04-08 02:17
http://www.dickestel.com/classic2005.htm,Games,2025-09-30 04:33
http://www.bogglewords.com/,Games,2025-02-20 20:18
http://bolsboardgames.com/,Games,2025-10-10 20:55
http://www.eingang.org/Games/boggle.html,Games,2025-02-27 04:32
http://www.worldbunco.com/,Games,2025-12-29 23:36
http://www.fillorbust.com/,Games,2025-04-16 06:35
http://www.bingogamingnews.com/,Games,2025-02-13 14:11
http://nationalmarblestournament.org/,Games,2025-09-24 07:17
http://www.tableskittles.com/,Games,2025-09-17 23:10
http://www.tradgames.org.uk/games/Table-Skittles.htm,Games,2025-01-12 03:09
http://www.etwa.org/,Games,2025-12-20 22:12
http://www.apegames.com/,Games,2025-02-14 12:48
http://www.augustgames.com/,Games,2025-10-14 09:43
http://www.brickcommander.com/,Games,2025-11-29 05:48
http://www.clashofarms.com/,Games,2025-04-18 21:09
http://www.operationoverkill.com/,Games,2025-12-10 02:23
http://www.sunrisedoors.com/,Games,2025-01-18 21:21
http://www.wolfysilver.co.uk/WM/,Games,2025-05-29 21:44
http://haven.theonering.net/,Games,2025-03-15 03:09
http://cobra5.proboards.com/,Games,2025-07-09 16:17
http://phobiaverse.proboards.com/,Games,2025-10-11 10:18
http://www.roleplayinggames.net/,Games,2025-07-05 01:14
http://www.eliteskills.com/rp/,Games,2025-08-23 21:05
http://ussagamemnon.iwarp.com/,Games,2025-01-21 11:32
http://www.eurogamer.net/article.php?article_id=66766,Games,2025-02-05 02:08
http://www.gamespot.com/american-mcgees-alice/summary/,Games,2025-04-02 06:27
http://www.loonygames.com/content/2.1/feat/,Games,2025-03-08 22:14
http://www.gamerevolution.com/review/pc/alice,Games,2025-04-21 18:48
http://www.mobygames.com/game/arabian-nights,Games,2025-09-16 07:27
https://www.reddit.com/,Forums,2025-11-20 08:49
https://www.quora.com/,Forums,2025-10-09 08:30
https://stackoverflow.com/,Forums,2025-06-04 01:46
https://www.indiaforums.com/,Forums,2025-01-13 04:23
https://answers.google.com/,Forums,2025-09-24 07:45
http://www.aelyria.com/,Forums,2025-07-22 03:29
https://www.airliners.net/forum/,Forums,2025-02-20 13:29
https://www.alternatehistory.com/,Forums,2025-03-22 23:39
https://arstechnica.com/civis/,Forums,2025-03-16 08:22
https://atrl.net/,Forums,2025-11-14 14:07
https://forums.craigslist.org/?areaID=85,Forums,2025-02-01 14:14
https://www.eevblog.com/,Forums,2025-12-08 12:51
https://www.fark.com/,Forums,2025-10-10 04:18
https://thehub.online/hub-forums/,Forums,2025-12-13 10:27
https://www.wattpad.com/,Forums,2025-11-04 07:25
https://www.skyscrapercity.com/forums/india.450/,Forums,2025-01-14 22:34
https://deliciouslyella.com/,Food,2025-08-11 21:02
https://pinchofyum.com/,Food,2025-01-26 13:27
https://balancedbites.com/,Food,2025-06-07 17:21
https://cookieandkate.com/,Food,2025-10-27 12:19
https://runningonrealfood.com/,Food,2025-04-19 05:53
https://www.afamilyfeast.com/,Food,2025-10-31 07:18
https://myfoodstory.com/,Food,2025-06-11 04:04
https://greenkitchenstories.com/,Food,2025-04-17 03:12
https://www.loveandlemons.com/,Food,2025-08-15 14:51
https://www.thepioneerwoman.com/,E-Commerce,2025-05-22 02:27
https://recipesfromapantry.com/,Food,2025-01-22 00:04
https://www.sproutedkitchen.com/,Food,2025-01-24 02:10
https://sallysbakingaddiction.com/,Food,2025-06-24 20:42
https://ohsheglows.com/,Food,2025-09-21 21:05
https://www.cookrepublic.com/,Food,2025-01-10 15:59
https://thefirstmess.com/,Food,2025-04-28 10:07
https://olivebarandkitchen.com/,Food,2025-01-27 03:51
http://www.moxhe.com.au/,Food,2025-05-03 15:02
https://www.risotteriamelottinyc.com/,Food,2025-03-23 21:42
http://elburro.no/,Food,2025-06-02 03:12
https://www.7thheaven.in/,Food,2025-05-16 22:15
http://teavilla.in/,Food,2025-04-20 23:57
https://www.theproteinbar.com/,Food,2025-12-26 20:07
http://www.easybistro.com/,Food,2025-05-31 23:42
https://www.ililinyc.com/,Food,2025-07-05 03:34
https://www.foxinthesnow.com/,Food,2025-04-22 19:48
http://susiecakes.com/,Food,2025-02-05 21:39
https://www.gaylesbakery.com/,Food,2025-10-03 01:51
https://www.jillycakesorlando.com/,Food,2025-03-09 04:57
https://iloveladycakes.com/,Food,2025-06-29 23:02
https://www.portosbakery.com/,Food,2025-03-22 15:37
https://www.bakerynouveau.com/,Food,2025-03-24 02:58
https://buzzbakeshop.com/,Food,2025-12-26 08:54
https://www.alessibakery.com/,Food,2025-06-24 12:47
https://rakskitchen.net/,Food,2025-09-07 08:03
https://www.skinnytaste.com/,Food,2025-01-17 22:51
https://cookiesandcups.com/,Food,2025-07-06 03:15
https://www.cookingclassy.com/,Food,2025-10-12 01:38
https://bakewithshivesh.com/,Food,2025-10-08 15:23
https://www.manjulaskitchen.com/,Food,2025-12-26 01:27
https://www.100daysofrealfood.com/,Food,2025-06-16 01:11
https://www.simplyrecipes.com/,Food,2025-07-24 11:23
https://www.thebowwindowcafe.co.uk/,Food,2025-11-20 14:49
http://lilacpatisserie.com/,Food,2025-09-02 09:34
https://www.henhouseeatery.com/,Food,2025-06-17 03:04
https://cafenoseaustin.com/,Food,2025-01-01 00:22
https://www.parakeetcafe.com/,Food,2025-10-01 16:13
https://www.cloudcitycoffee.com/,Food,2025-10-22 11:15
https://littlegoatchicago.com/,Food,2025-04-09 06:33
https://www.zinccafe.com/,E-Commerce,2025-08-16 14:53
https://www.cornertablenantucket.com/,Food,2025-05-23 15:30
https://notescoffee.com/,Food,2025-05-13 12:22
https://diethood.com/,Food,2025-12-21 04:54
https://www.burrobarboston.com/,Food,2025-12-16 19:07
https://www.whiskey.kitchen/,Food,2025-07-05 05:32
https://www.vegrecipesofindia.com/,Food,2025-06-30 14:44
https://www.casknyc.com/,Food,2025-01-13 04:47
https://dinnerthendessert.com/,Food,2025-04-30 23:51
http://www.tioluchin.com/,Food,2025-03-04 23:37
https://www.thecenturybar.com.au/,Food,2025-10-04 02:01
https://www.onceuponachef.com/,Food,2025-03-10 05:22
https://thewoksoflife.com/,Food,2025-04-23 20:08
https://www.dineout.co.in/,Food,2025-12-02 23:28
https://www.eazydiner.com/mumbai?loc=mumbai,Food,2025-04-01 15:26
https://masterchefmom.blogspot.com/,Food,2025-04-18 11:19
https://www.padhuskitchen.com/,Food,2025-03-23 03:51
https://www.tacobell.co.in/,Food,2025-05-13 23:00
https://skinnyms.com/https://mallikabasu.com/,Food,2025-03-31 11:24
http://www.thasneen.com/cooking/,Food,2025-11-12 18:25
https://simplytadka.com/,Food,2025-08-03 18:43
https://www.aspicyperspective.com/,Food,2025-01-22 18:25
https://tastesbetterfromscratch.com/,Food,2025-05-08 05:29
https://www.jocooks.com/blog/,Food,2025-07-25 17:44
https://www.sanjeevkapoor.com/,Food,2025-09-11 11:57
https://www.chefajaychopra.com/,Food,2025-09-22 19:16
https://anjuladevi.com/,Food,2025-07-21 23:44
http://anjalipathak.com/,Food,2025-07-13 01:48
https://smittenkitchen.com//,Food,2025-12-13 22:01
https://gimmedelicious.com/,Food,2025-11-15 20:28
https://caterbakes.com/,Food,2025-09-24 20:24
https://onceuponafoodblog.com/,Food,2025-12-08 15:32
https://www.loveandrisotto.com/,Food,2025-03-20 20:27
http://thymetomango.com/,Food,2025-01-25 13:49
https://rachelhomecooking.com/,Food,2025-12-29 11:41
http://www.thegraphicfoodie.co.uk/,Food,2025-01-13 05:04
https://cookingforone341683522.wordpress.com/the-blog/,Food,2025-03-08 20:23
https://www.tastymealsforyou.com/,Food,2025-05-21 02:44
http://www.jackieshappyplate.com/,Food,2025-01-14 06:34
http://bananaleafindia.com/,Food,2025-07-12 20:53
https://www.cadbury.co.uk/,Food,2025-09-18 09:14
https://www.lays.com/,Food,2025-01-23 04:03
https://hebbarskitchen.com/,Food,2025-09-01 17:39
https://pizzabythebay.in/,Food,2025-12-08 14:22
https://www.gopapaya.co.in/,Food,2025-04-12 00:38
https://www.collegenet.com/,Education,2025-04-11 00:52
http://admissionsplus.blogspot.com/,Education,2025-09-12 07:16
http://www.nytimes.com/2002/05/07/nyregion/07COLL.html,Education,2025-05-27 18:44
http://www.andhrauniversity.info/,Education,2025-11-19 18:59
https://www.somaiya.edu/en,Education,2025-02-26 17:24
http://www.iitg.ernet.in/,Education,2025-07-10 03:00
https://www.kic.org.uk/nottingham-trent/,Education,2025-06-05 14:07
http://cujs.soc.srcf.net/,Education,2025-05-04 11:46
http://www.realcollegelife.com/,Education,2025-12-30 16:57
http://www.columbia.ab.ca/,Education,2025-10-21 17:05
http://www.ualberta.ca/NATIVESTUDIES/,Education,2025-10-23 08:59
http://www.politicalscience.ualberta.ca/,Education,2025-04-03 06:25
http://unschoolers.com/,Education,2025-01-05 21:23
http://www.worldwidelearn.com/vocational-training.htm,Education,2025-12-05 14:17
http://www.qac.ac.uk/,Education,2025-10-06 10:33
http://www.childnow.org/,Education,2025-01-28 02:31
http://www.execbar.com/,Education,2025-09-17 18:16
http://agentschoiceonline.com/,Education,2025-07-17 05:02
http://www.mcqs.com/,Education,2025-10-22 22:07
http://www.aestheticrealism.org/Education-LR.htm,Education,2025-04-03 21:19
http://www.instrumentalchemistry.com/,Education,2025-01-16 07:37
http://www.aesociety.org/,Education,2025-07-31 18:34
http://www.studyhplc.com/,Education,2025-11-16 13:50
http://link.springer.com/journal/11094,Education,2025-12-24 13:33
http://www.synapses.co.uk/alchemy/index.html,Education,2025-09-30 06:36
http://www.webqc.org/,Education,2025-12-15 01:58
http://education.jlab.org/elementflashcards/,Education,2025-01-21 00:36
http://www.chemcollective.org/,Education,2025-10-25 07:55
http://www.chemguide.co.uk/,Education,2025-04-27 05:46
http://www.chemistry.co.nz/,Education,2025-07-06 09:15
http://en.wikipedia.org/wiki/International_Chemistry_Olympiad,Education,2025-08-01 06:35
http://www.sciencegeek.net/,Education,2025-07-28 18:28
http://www.quantum-chemistry-history.com/,Education,2025-08-25 18:40
http://www.chemicalelements.com/elements/al.html,Education,2025-12-20 14:39
http://www.geopolymer.org/,Education,2025-12-03 12:50
http://www.chem1.com/acad/webtext/virtualtextbook.html,Education,2025-02-23 17:45
http://environmentalchemistry.com/,Education,2025-06-10 10:20
http://en.wikipedia.org/wiki/Joseph_Priestley,Education,2025-10-17 19:06
http://www.visionlearning.com/library/science/chemistry-1/CHE1.7-bonding.htm,Education,2025-09-21 02:53
http://www.math.tifr.res.in/,Education,2025-07-15 00:05
http://www.allaboutcircuits.com/vol_4/chpt_7/index.html,Education,2025-04-27 12:34
http://www.algebra.com/,Education,2025-12-28 03:43
http://link.springer.com/journal/10485,Education,2025-12-13 12:06
http://en.wikipedia.org/wiki/Group_Theory,Education,2025-01-12 01:19
http://mathworld.wolfram.com/topics/LinearAlgebra.html,Education,2025-08-09 01:12
http://www.algebra-answer.com/,Education,2025-03-15 22:13
http://mathworld.wolfram.com/FastFourierTransform.html,Education,2025-08-04 02:08
http://www.amstat.org/publications/jcgs/,Education,2025-09-12 01:30
http://mathonline.edusoftmax.com/,Education,2025-02-09 12:03
http://imammb.oxfordjournals.org/,Education,2025-08-11 16:00
http://www.calculus.org/,Education,2025-11-07 00:22
http://en.wikipedia.org/wiki/Fractional_calculus,Education,2025-10-30 00:37
http://scienceworld.wolfram.com/biography/Eudoxus.html,Education,2025-03-22 17:29
http://www.shyamsundergupta.com/amicable.htm,Education,2025-02-01 12:42
http://www.numbertheory.org/ntw/N5.html,Education,2025-04-15 19:32
http://www.gtcenter.org/,Education,2025-08-22 16:25
http://www.appliedprobability.org/,Education,2025-09-04 09:43
http://www.calculator.org/,Education,2025-08-31 03:20
http://www.lasers.org.uk/Courses/msc.htm,Education,2025-10-19 08:50
http://darkmattertheories.com/,Education,2025-06-02 13:27
http://www.mtnmath.com/,Education,2025-04-28 08:43
http://www.scholarpedia.org/article/Encyclopedia_of_astrophysics,Education,2025-05-31 02:35
http://www.angelfire.com/geek/alphabeta/,Education,2025-01-26 14:37
http://www.physics.uoguelph.ca/tutorials/shm/Q.shm.html,Education,2025-09-14 23:14
http://www.physicsweb.org/bestof/cond-mathttp://www.cristal.org/course/,Education,2025-11-10 20:37
http://www.worldscienceu.com/,Education,2025-01-13 19:00
http://www.cosmolearning.com/physics/,Education,2025-09-30 11:16
http://www.interactivescienceteacher.com/,Education,2025-05-27 17:45
http://www.fearofphysics.com/,Education,2025-03-04 11:34
http://www.wondermagnet.com/,Education,2025-10-01 09:10
http://www.geneticanthropology.org/,Education,2025-07-19 16:11
http://archaeology.about.com/library/univ/blggsa.htm,Education,2025-10-15 09:59
http://www.trentu.ca/archaeology/,Education,2025-07-30 16:33
http://geographyfieldwork.com/,Education,2025-08-05 00:08
http://www.shodor.org/metweb/index.html,Education,2025-02-13 13:03
http://en.wikipedia.org/wiki/Geochemistry,,2025-02-10 15:15
http://geostudies.co.uk/,Education,2025-05-19 05:58
http://www.earthscienceeducation.com/,Education,2025-01-26 19:42
http://geea.lyellcollection.org/,Education,2025-05-20 19:52
http://www.earthsciweek.org/,Education,2025-06-08 23:43
http://www.geomatics.ucalgary.ca/,Education,2025-06-24 05:20
http://www.synapses.co.uk/science/mvolcano.html,Education,2025-10-20 03:51
http://en.wikipedia.org/wiki/Quaternary,Education,2025-06-17 08:56
http://www.journals.elsevier.com/palaeogeography-palaeoclimatology-palaeoecology/,Education,2025-11-04 00:07
https://explorable.com/,Education,2025-01-05 04:43
http://www.all-science-fair-projects.com/,Education,2025-07-22 15:32
http://www.b2science.org/http://www.smu.ca/academic/science/envstud/,Education,2025-06-05 11:06
http://www.wageningenur.nl/en/Expertise-Services/Chair-groups/Animal-Sciences/Animal-Production-Systems-Group.htm,Education,2025-01-16 04:59
http://www.agronomy.org/,Education,2025-02-05 09:42
http://www.getonthebus.org/,Education,2025-10-24 16:10
http://www.theskyscrapers.org/,Education,2025-12-23 21:26
http://www.bigear.org/,Education,2025-11-11 10:44
http://www.colorbasepair.com/bioinformatics_courses_tutorials.html,Education,2025-01-12 05:53
http://www.astrosociety.org/,Education,2025-08-29 02:12
http://www.ccmb.res.in/,Education,2025-05-03 22:21
http://www.biochemist.org/bio/,Education,2025-02-16 08:16
http://botany.about.com/,Education,2025-12-02 03:26
http://www.evolutionary-ecology.com/,Education,2025-01-11 19:51
http://www.learningastronomy.com/,Education,2025-12-14 06:44
http://www.sciencedirect.com/science/journal/10898603,Education,2025-07-30 07:42
http://www.springer.com/biomed/journal/418,Education,2025-09-15 02:12
http://www.biology.lu.se/,Education,2025-05-24 20:40
http://jmcb.oxfordjournals.org/,Education,2025-10-09 02:53
http://www.journals.elsevier.com/theoretical-population-biology/,Education,2025-09-14 03:22
http://www.itrcindia.org/,Education,2025-10-18 22:50
http://www.agclassroom.org/,Education,2025-01-26 19:45
http://en.wikipedia.org/wiki/Iodine,,2025-07-01 00:38
http://www.chemicalelements.com/elements/ir.html,Education,2025-06-02 21:09
http://www.life.illinois.edu/hanks/,Education,2025-01-10 20:58
http://dinosaurtheory.com/theory.html,Education,2025-10-07 23:00
http://www.britannica.com/EBchecked/topic/409383/neptunium,Education,2025-09-03 06:39
http://en.wikipedia.org/wiki/Fire_ecology,,2025-04-30 21:41
http://en.wikipedia.org/wiki/Molecular_evolution,Education,2025-08-10 17:31
http://www.synapses.co.uk/genetics/,Education,2025-06-30 20:46
https://www.peapod.com/,E-Commerce,2025-07-30 21:33
https://relianceretail.com/reliance-fresh.html,E-Commerce,2025-07-11 23:31
https://www.amazon.in/alm/storefront?almBrandId=ctnow,E-Commerce,2025-05-01 08:11
https://www.bigbasket.com/?utm_source=google&utm_medium=cpc&utm_campaign=Brand-MUM&gclid=CjwKCAiA7939BRBMEiwA-hX5J8-2dP6c4KbAi3aTcKNlF5o72hQCBLa1UreE1QYGJlSH8RWqSEP0wRoCmpMQAvD_BwE,E-Commerce,2025-07-08 20:19
https://www.instacart.com/,E-Commerce,2025-04-15 15:28
https://www.naturesbasket.co.in/,E-Commerce,2025-07-13 15:14
https://www.starquik.com/,E-Commerce,2025-10-02 07:29
http://www.spencersretail.com/,E-Commerce,2025-10-22 03:56
https://paytmmall.com/supermarket-glpid-101310,E-Commerce,2025-07-19 19:49
https://www.dunzo.com/mumbai,E-Commerce,2025-10-01 05:44
https://www.easyday.in/,E-Commerce,2025-12-29 20:03
https://www.flipkart.com/grocery-supermart-store?marketplace=GROCERY,E-Commerce,2025-04-03 13:41
https://www.patanjaliayurved.net/,E-Commerce,2025-07-28 17:35
https://www.bigmartretail.com/,E-Commerce,2025-04-09 16:10
https://www.suprdaily.com/,E-Commerce,2025-09-20 20:49
https://relianceretail.com/reliance-smart.html,E-Commerce,2025-03-16 17:37
https://www.waitrose.com/ecom/shop/browse/groceries,E-Commerce,2025-11-23 18:03
https://www.asos.com/,E-Commerce,2025-12-30 00:27
http://www.guess.com/,E-Commerce,2025-08-11 12:57
https://www.fashionnova.com/,E-Commerce,2025-01-04 10:57
https://www2.hm.com/en_in/index.html,E-Commerce,2025-03-15 15:37
https://www.urbanic.com/?country_code=IN&utm_source=google&utm_medium=cpc&gclid=CjwKCAiA7939BRBMEiwA-hX5JxrSomTtxmB1OVfePe9Bp00h,E-Commerce,2025-02-02 21:48
http://www.aeropostale.com/,E-Commerce,2025-09-11 03:40
http://www.edgewear.com/,E-Commerce,2025-11-11 08:46
https://www.berrylush.com/,E-Commerce,2025-04-12 04:40
https://www.bonkerscorner.com/product-category/women/?utm_source=google&utm_medium=cpc&utm_campaign=brand-ad&gclid=CjwKCAiA7939BRBMEiwA-h,E-Commerce,2025-08-23 03:03
https://burgerbaeclothing.com/,E-Commerce,2025-02-06 14:37
https://desiminimals.com/,E-Commerce,2025-09-20 18:41
http://www.cottonseedusa.com/,E-Commerce,2025-04-06 01:21
http://www.jimsclothing.com/,E-Commerce,2025-06-01 16:40
http://www.themontanascene.com/,E-Commerce,2025-09-19 11:27
http://www.landsend.com/,E-Commerce,2025-09-14 10:10
http://www.outletshirts.com/,E-Commerce,2025-09-22 18:52
https://shop.mango.com/in,E-Commerce,2025-10-27 18:54
https://www.only.in/,E-Commerce,2025-03-01 23:06
https://www.kdsurfshop.com/,E-Commerce,2025-03-16 00:14
https://hollywoodfashionsecrets.com/,E-Commerce,2025-12-25 11:59
http://www.beltsdirect.com/,E-Commerce,2025-09-21 21:56
https://www.accessorize.com/row/,E-Commerce,2025-11-17 18:37
http://www.hotfingersgloves.com/,E-Commerce,2025-12-28 13:31
https://www.ayeshaaccessories.com/,E-Commerce,2025-07-22 15:26
https://www.bagborroworsteal.com/,E-Commerce,2025-02-13 22:13
https://www.claires.com/,E-Commerce,2025-04-28 02:44
http://www.scarves.com/,E-Commerce,2025-11-03 19:33
http://www.fashionheaven.com/,E-Commerce,2025-07-14 23:03
https://www.jewelsgalaxy.com/,E-Commerce,2025-12-07 18:27
http://rainbowmetals.com/,E-Commerce,2025-11-22 01:05
http://www.lbow.com/,E-Commerce,2025-01-17 01:02
http://www.tropicalenterprises.com/,E-Commerce,2025-12-06 03:57
http://www.lovedesignerbags.com/,E-Commerce,2025-05-21 13:00
http://www.dellamoda.com/,E-Commerce,2025-03-01 17:58
http://www.suspenderstore.com/,E-Commerce,2025-12-25 04:22
http://simplyscarves.com/,E-Commerce,2025-03-27 22:00
http://www.shoplindasstuff.com/,E-Commerce,2025-12-04 15:08
https://inayajewelry.com/,E-Commerce,2025-07-30 14:15
https://viange.in/,E-Commerce,2025-09-09 06:06
http://www.fastballoons.com/,E-Commerce,2025-07-26 21:49
https://www.bigsmall.in/,E-Commerce,2025-06-13 22:47
https://www.giftcart.com/,E-Commerce,2025-06-27 06:15
http://www.americangiftfactory.com/,E-Commerce,2025-12-19 09:47
http://www.americangiftfactory.com/,E-Commerce,2025-03-13 12:56
http://www.basketcreationsplus.com/,E-Commerce,2025-03-19 04:43
http://www.babyblooms.co.uk/,E-Commerce,2025-01-10 16:38
http://www.likeadoll.com/,E-Commerce,2025-04-01 17:12
http://www.msmugs.com/http://www.collagery.com/,E-Commerce,2025-06-06 10:52
http://www.giftsin24.com/,E-Commerce,2025-09-12 03:03
http://www.affirmations.com.au/,E-Commerce,2025-12-27 22:50
http://www.personalcreations.com/,E-Commerce,2025-09-24 04:38
http://wrapsodyonline.com/,E-Commerce,2025-04-14 20:34
http://www.gallerycollection.com/,E-Commerce,2025-11-20 00:48
https://www.archiesonline.com/,E-Commerce,2025-09-21 22:41
http://www.lusonic.com/,E-Commerce,2025-04-09 19:36
https://www.vijaysales.com/?gclid=Cj0KCQiAkuP9BRCkARIsAKGLE8XNFFBps909mKzX4jdv7mqfunBVwGYRtAEKDq0EUJ25g7eJ_S8KLqQaAktIEALw_wcB,E-Commerce,2025-10-08 14:49
http://www.newtube.com/,E-Commerce,2025-09-08 20:06
http://www.angledcables.com/,E-Commerce,2025-07-06 11:33
https://www.ezmaal.com/,E-Commerce,2025-05-26 13:34
http://www.abrown.com/,E-Commerce,2025-03-17 10:31
https://shippingcasesnow.com/,E-Commerce,2025-01-21 20:51
http://www.cordlessworkz.com/,E-Commerce,2025-12-03 15:51
http://www.ninjaremote.com/,E-Commerce,2025-10-22 11:21
http://www.headphone.com/,E-Commerce,2025-01-23 10:07
https://www.ajio.com/,E-Commerce,2025-01-03 18:50
https://www.shopclues.com/,E-Commerce,2025-05-21 04:17
https://www.tatacliq.com/,E-Commerce,2025-09-29 18:57
https://www.koovs.com/,E-Commerce,2025-04-26 17:41
https://www.cilory.com/,E-Commerce,2025-01-21 21:33
https://www.snapdeal.com/,E-Commerce,2025-03-03 12:41
https://www.westside.com/,E-Commerce,2025-05-30 05:26
https://centralandme.com/,E-Commerce,2025-09-22 11:33
https://www.bata.in/,E-Commerce,2025-03-18 11:48
https://www.stevemadden.in/,E-Commerce,2025-10-09 06:10
https://www.nykaa.com/,E-Commerce,2025-11-20 04:28
https://www.fnp.com/,E-Commerce,2025-05-05 03:41
https://thejodilife.com/https://www.voylla.com/,E-Commerce,2025-10-31 02:36
https://bellofox.com/,E-Commerce,2025-05-22 18:10
https://www.luluandsky.com/,E-Commerce,2025-02-09 01:28
https://www.pipabella.com/,E-Commerce,2025-08-16 04:48
https://www.houseofindya.com/women-accessories/cat,E-Commerce,2025-12-21 14:35
https://www.maccosmetics.com/,E-Commerce,2025-05-16 22:43
http://www.kasrl.org/jaffe.html,Computers and Technology,2025-10-15 07:31
https://www.gmdhshell.com/,Computers and Technology,2025-01-01 03:33
http://en.wikipedia.org/wiki/Neural_network,Computers and Technology,2025-05-04 17:15
http://cadingandcoding.blogspot.com/,Computers and Technology,2025-12-24 00:07
http://www.panzercad.com/,Computers and Technology,2025-10-13 08:41
http://www.metalopt.com/,Computers and Technology,2025-10-13 04:14
http://qualgorithms.blogspot.com/,Computers and Technology,2025-02-11 12:30
http://www.enterthegrid.com/,Business/Corporate,2025-07-05 03:03
http://qualgorithms.blogspot.com/,Computers and Technology,2025-03-19 11:01
http://www.comcraftfr.com/,Computers and Technology,2025-06-04 19:01
http://gailly.net/,Computers and Technology,2025-10-18 15:59
http://www.stringology.org/,Computers and Technology,2025-10-28 17:53
http://www.siam.org/meetings/da02/,Computers and Technology,2025-02-20 02:01
http://www.epaperpress.com/sortsearch/,Computers and Technology,2025-07-18 08:02
http://www.agenarisk.com/,Computers and Technology,2025-07-18 09:19
http://www.cra.com/bnet,Computers and Technology,2025-03-16 15:50
http://qsmm.org/,Computers and Technology,2025-12-21 06:46
https://www.tensorflow.org/,Computers and Technology,2025-11-26 04:31
http://www.filegate.net/,Computers and Technology,2025-03-05 23:02
http://www.idecad.com/,Computers and Technology,2025-05-16 06:41
http://www.m8tools.com/,Computers and Technology,2025-03-01 05:45
http://www.editcnc.com/,Computers and Technology,2025-12-04 19:05
http://www.brightonbased.co.uk/,Computers and Technology,2025-09-25 08:15
http://www.flpcdr.com/,Computers and Technology,2025-06-30 18:59
http://www.seagrasssoftware.com/,Computers and Technology,2025-11-13 20:34
http://vrlab.epfl.ch/,Computers and Technology,2025-11-04 00:15
http://www.ec2002.tue.nl/,Computers and Technology,2025-03-06 08:08
http://ndb.cs.aau.dk/,Computers and Technology,2025-05-05 10:45
http://www.rulequest.com/Personal/,Computers and Technology,2025-06-10 22:12
http://www.stroustrup.com/,Computers and Technology,2025-02-02 01:31
http://www.hindawi.com/journals/am/,Computers and Technology,2025-01-20 16:49
http://www.hcibib.org/hci-sites/BIBLIOGRAPHY.html,Computers and Technology,2025-05-18 19:04
http://portal.acm.org/,Computers and Technology,2025-05-31 22:59
http://www.pdftask.com/,Computers and Technology,2025-07-20 19:20
http://pdfmerge.w69b.com/,Computers and Technology,2025-06-15 04:11
http://www.ilovepdf.com/,Computers and Technology,2025-09-23 18:04
http://www.mytechtime.com/2009/07/postscript-benefits.html,Computers and Technology,2025-07-03 19:13
http://filesystems.org/,Computers and Technology,2025-06-25 11:03
http://www.graphicsacademy.com/format.php,Computers and Technology,2025-07-03 07:43
http://catb.org/~esr/gif2png/,Computers and Technology,2025-06-07 08:39
http://trac.osgeo.org/geotiff/,Computers and Technology,2025-02-14 00:49
http://www.help-info.de/en/,Computers and Technology,2025-05-29 14:08
http://www.textuality.com/xml/,Computers and Technology,2025-01-19 23:18
http://www.postersw.com/,Computers and Technology,2025-08-17 02:11
https://products.office.com/en-us/publisher,Computers and Technology,2025-01-20 01:22
http://www.ebookcompiler.com/,Computers and Technology,2025-02-06 13:22
http://www.retrosoftware.co.uk/,Computers and Technology,2025-05-01 21:39
http://www.emigre.com/,Computers and Technology,2025-09-19 18:09
http://www.favicon.cc/,Computers and Technology,2025-06-18 05:26
http://www.freedom-to-tinker.com/,Computers and Technology,2025-10-01 16:37
http://hci4all.at/,Computers and Technology,2025-05-20 14:57
http://www.martnet.com/,Computers and Technology,2025-12-11 07:22
http://www.interconnect.net/,Computers and Technology,2025-05-16 02:24
http://www.cbrdigital.com/,Computers and Technology,2025-10-20 03:54
http://www.1lovecards.com/,Computers and Technology,2025-06-04 03:32
http://webonthefly.com/,Computers and Technology,2025-01-10 10:50
http://fusionlayer.com/,Computers and Technology,2025-06-21 05:39
http://www.lqexcel.com/ado.php,Computers and Technology,2025-12-01 07:31
http://www.generexe.nl/,Computers and Technology,2025-06-05 10:05
http://www.caffeineowl.com/,Computers and Technology,2025-10-27 16:53
http://www.flipcode.com/archives/,Computers and Technology,2025-12-08 21:43
http://www.freevbcode.com/,Computers and Technology,2025-03-28 00:50
http://www.quirksmode.org/js/index.html?dhtmloptions.html,Computers and Technology,2025-02-07 04:30
http://lambda-the-ultimate.org/,Computers and Technology,2025-10-12 03:32
http://www.snakeisland.com/,Computers and Technology,2025-07-08 17:58
http://www.josuttis.com/tmplbook/,Computers and Technology,2025-10-11 06:43
http://www.lullsoft.com/,Computers and Technology,2025-01-08 15:54
http://windowsbro.blogspot.com/,Computers and Technology,2025-06-05 14:25
http://www.hsix.com/,Computers and Technology,2025-01-03 04:45
http://www.tagspaces.org/,Computers and Technology,2025-04-19 06:30
http://www.tgrmn.com/,Computers and Technology,2025-08-20 03:34
http://www.dvdshrink.org/,Computers and Technology,2025-03-07 12:53
http://notifier.email.my/,Computers and Technology,2025-08-10 15:24
http://www.babylon.com/,Computers and Technology,2025-07-13 02:08
http://site.icu-project.org/,Computers and Technology,2025-02-26 06:29
http://www.paxit.com/,Computers and Technology,2025-10-15 00:24
https://www.acronis.com/en-us/,Computers and Technology,2025-03-16 13:34
http://www.cthing.com/,Computers and Technology,2025-10-27 01:47
http://www.nbsoft.co.uk/,Computers and Technology,2025-09-22 06:15
http://www.hddlife.com/,Computers and Technology,2025-06-04 13:40
http://www.pocketsoap.com/4s4c/,Computers and Technology,2025-09-03 16:41
http://www.gibney.de/,Computers and Technology,2025-12-14 10:48
http://www.adahome.com/,Computers and Technology,2025-03-24 11:12
http://juggle.gaertner.de/,Computers and Technology,2025-03-07 20:38
http://www.beroset.com/,Computers and Technology,2025-07-07 16:41
http://4mhz.de/bfdev.html,Computers and Technology,2025-11-16 03:18
http://www.viworld.com/,Computers and Technology,2025-09-01 01:59
http://www.argonblue.com/,Computers and Technology,2025-02-16 08:12
http://meyerweb.com/,Computers and Technology,2025-07-05 03:39
http://www.funshare.mobi/,Computers and Technology,2025-07-29 09:16
http://www.alternativepedia.com/,Computers and Technology,2025-07-12 18:08
http://www.kasrl.org/jaffe.html,Computers and Technology,2025-01-24 10:58
http://www.multiagent.com/,Computers and Technology,2025-05-18 03:07
http://www.data-compression.info/,Computers and Technology,2025-03-14 12:54
http://www.accrepairs.com/,Business/Corporate,2025-12-03 15:43
http://www.globalstar.com/,Business/Corporate,2025-04-24 18:00
http://www.easycomm.co.in/,Business/Corporate,2025-09-20 03:37
http://www.ephonecards.com.au/,Business/Corporate,2025-10-17 08:15
http://www.fibertelcontractors.com/,Business/Corporate,2025-02-09 15:55
http://www.americanhelpdesk.com/,Business/Corporate,2025-04-07 10:18
http://www.globalentrepreneurshipconsortium.org/,Business/Corporate,2025-06-23 03:11
http://howtofreelance.com/,Business/Corporate,2025-03-22 16:13
http://www.nofussaccounting.com/,Business/Corporate,2025-06-08 02:24
http://www.homeworkingmom.com/,Business/Corporate,2025-07-03 14:00
http://www.jewelryshopkeeper.com/,Business/Corporate,2025-09-17 07:09
http://www.realtyexecutives.com/,Business/Corporate,2025-07-27 22:11
http://www.naiglobal.com/,Business/Corporate,2025-06-22 00:04
http://www.globalvaluation.com/,Business/Corporate,2025-10-29 00:10
http://www.sunbeltnetwork.com/,Business/Corporate,2025-10-26 12:37
http://www.selfstoragebrokersofamerica.com/,Business/Corporate,2025-02-02 21:00
http://www.retailstudy.com/,Business/Corporate,2025-11-08 13:52
http://www.recapadvisors.com/,Business/Corporate,2025-08-21 04:27
http://www.skylinepacific.com/,Business/Corporate,2025-03-12 04:00
http://www.lawyersadvantage.com/,Business/Corporate,2025-11-03 17:56
http://www.stocktrading.com/,Business/Corporate,2025-11-18 13:18
http://www.futurefunds.com.au/,Business/Corporate,2025-02-14 07:38
http://www.institutionalfunds.com/,Business/Corporate,2025-02-10 16:36
http://www.equitypandit.com/,Business/Corporate,2025-10-22 04:15
http://www.jpaerospace.com/,Business/Corporate,2025-09-26 22:56
http://www.oysterknife.co.nz/,Business/Corporate,2025-02-03 21:18
http://www.southislandaquarium.com/,Business/Corporate,2025-07-23 15:40
http://www.industrialsystems.us/,Business/Corporate,2025-06-20 07:45
http://www.treemaintenance.com/,Business/Corporate,2025-11-24 04:42
http://www.unitednature.com/,Business/Corporate,2025-07-13 04:57
http://www.cmaauctions.com/,Business/Corporate,2025-11-13 02:01
http://www.milestoneproductions.ie/,Business/Corporate,2025-09-15 18:41
http://www.atma.com.au/cbk/,Business/Corporate,2025-04-26 20:21
http://www.accaglobal.com/,Business/Corporate,2025-08-22 19:32
http://www.treasurers.org/,Business/Corporate,2025-04-19 10:10
http://www.agacgfm.org/,Business/Corporate,2025-04-03 15:36
http://www.aiaponline.com/,Business/Corporate,2025-10-28 05:14
http://www.stevesaircraft.com/,Business/Corporate,2025-10-22 14:10
http://www.sunshineaircraft.com/,Business/Corporate,2025-10-23 23:20
http://www.vicair.net/,Business/Corporate,2025-03-06 09:29
http://www.worldwideaircraft.com/,Business/Corporate,2025-04-04 21:23
http://guysaircraft.com/,Business/Corporate,2025-05-18 02:34
http://www.jacobstrading.com/,Business/Corporate,2025-09-29 10:08
http://www.centralsupplyandrubber.com/,Business/Corporate,2025-01-09 00:11
http://www.precisiontrucks.com/,Business/Corporate,2025-11-03 10:10
http://www.falcontrailers.com/,Business/Corporate,2025-11-15 03:04
http://www.parkwaywrecker.com/,Business/Corporate,2025-01-16 03:23
http://www.combswrecker.com/,Business/Corporate,2025-10-08 23:05
http://www.costdownconsulting.com/,Business/Corporate,2025-01-02 23:14
http://www.accountservices.com/,Business/Corporate,2025-08-28 20:00
http://www.nolarindustries.com/,Business/Corporate,2025-07-01 05:15
https://www.swmintl.com/,Business/Corporate,2025-04-19 02:33
https://www.nextenergysolarfund.com/,Business/Corporate,2025-12-04 02:03
https://www.seqifund.com/,Business/Corporate,2025-01-03 04:30
https://www.synconaltd.com/,Business/Corporate,2025-08-04 01:27
https://www.woodplc.com/,Business/Corporate,2025-09-17 14:04
https://www.sabreplc.co.uk/,Business/Corporate,2025-08-20 05:54
https://www.cta.tech/,Business/Corporate,2025-06-23 00:16
https://www.nyse.com/index,Business/Corporate,2025-09-15 23:20
https://www2.deloitte.com/uk/en.html,Business/Corporate,2025-03-08 08:30
http://www.hunttextiles.com/,Business/Corporate,2025-10-13 02:57
https://www.vesuvius.com/en/index.html,Business/Corporate,2025-09-11 22:53
https://iocl.com/,Business/Corporate,2025-03-12 21:54
http://www.quixotegroup.com/,Business/Corporate,2025-10-09 04:41
http://www.adepto.com/,Business/Corporate,2025-06-29 07:00
http://measuredsolutions.com/,Business/Corporate,2025-11-27 21:44
http://www.dctleathers.com/,Business/Corporate,2025-08-11 00:03
http://www.electrosonic.com/,Business/Corporate,2025-08-27 08:57
http://www.avistarentals.com/,Business/Corporate,2025-05-04 02:00
http://www.photosoundav.com/,Business/Corporate,2025-12-17 19:50
http://www.nextwavemedia.com/,Business/Corporate,2025-01-05 06:34
http://www.scottygroup.com/,Business/Corporate,2025-01-20 13:58
http://www.tradefirst.com/,Business/Corporate,2025-05-26 18:35
http://mtmleadership.co.uk/,Business/Corporate,2025-06-19 17:21
http://lightningstrikestudios.com/,Business/Corporate,2025-01-02 02:25
http://www.script-fix.com/,Business/Corporate,2025-07-29 07:41
http://onesourcerelocation.com/,Business/Corporate,2025-02-02 05:00
http://www.relocationmoverservices.com/,Business/Corporate,2025-07-17 17:24
http://www.writeworks.biz/,Business/Corporate,2025-05-19 16:24
http://www.epicurusconsulting.com/,Business/Corporate,2025-08-31 05:22
http://www.freelancers.net/,Business/Corporate,2025-02-16 07:06
http://www.interchangegroup.com/,Business/Corporate,2025-10-08 16:11
http://www.smartdesks.com/,Business/Corporate,2025-09-29 09:00
http://www.artbizdesign.com/,Business/Corporate,2025-10-17 03:34
https://www.ncr.com/company/blogs/financial,Business/Corporate,2025-07-24 04:46
https://www.americanbanker.com/,Business/Corporate,2025-12-11 08:19
https://www.starlingbank.com/blog/,Business/Corporate,2025-11-17 18:00
https://www.depositaccounts.com/blog/,Business/Corporate,2025-09-15 00:45
https://www.columbiabank.com/,Business/Corporate,2025-12-26 00:58
https://blog.watrust.com/,Business/Corporate,2025-01-06 18:48
https://www.imb.com.au/blog,Business/Corporate,2025-03-13 03:10
https://oceanfirst.com/about/blog/,Business/Corporate,2025-07-20 16:09
https://www.rocklandtrust.com/welcome-to-rockland-trust,Business/Corporate,2025-10-04 20:04
https://www.amalgamatedbank.com/newresource,Business/Corporate,2025-02-20 03:37
https://www.chime.com/blog/,Business/Corporate,2025-12-18 14:58
https://bankunderground.co.uk/,Business/Corporate,2025-09-12 15:51
https://bankingsupport.info/,Business/Corporate,2025-08-13 18:41
http://www.whomedigital.com.au/,Business/Corporate,2025-01-01 07:20
http://www.whomedigital.com.au/,Business/Corporate,2025-03-10 02:33
http://www.scanstar.com/,Business/Corporate,2025-03-25 21:49
https://www8.hp.com/in/en/home.html,Business/Corporate,2025-07-04 03:33
http://www.gpscheap.com/,Business/Corporate,2025-06-04 01:30
http://www.absbattery.com/,Business/Corporate,2025-06-01 03:19
http://www.electroshops.com/,Business/Corporate,2025-12-19 10:29
http://www.cleanridge.com/,Business/Corporate,2025-07-10 08:04
http://www.creativepetgifts.com/,Business/Corporate,2025-01-22 23:45
http://www.htmarket.com/,Business/Corporate,2025-11-05 08:10
https://thrivemarket.com/web/membership/welcome,Business/Corporate,2025-11-06 09:54
http://www.teasingeroticstories.com,Adult,2025-05-31 20:12
http://xxxfuckstories.com/,Adult,2025-12-31 12:21
http://www.sexstories-wives.com/,Adult,2025-07-10 15:23
http://www.1stsexstories.com,Adult,2025-06-09 02:06
http://www.sexstories-archive.com,Adult,2025-12-28 05:03
http://www9.kinghost.com/fetish/hentaibee/,Adult,2025-09-16 05:34
http://www.geohost.net/adm/zulu/,Adult,2025-12-15 12:01
http://www.little-hooters.com/nude_gallery/gaymale/index.htm,Adult,2025-12-26 21:54
http://www.direct-uk.com,Adult,2025-06-06 15:46
http://www.freepornpasswordsforwomen.com/naked-studs/5index.html,Adult,2025-03-07 23:08
http://www.mypleasure.com,Adult,2025-07-30 05:43
http://www.oldwomen.org/,Adult,2025-04-30 13:34
http://www.webcamslave.com,Adult,2025-12-12 03:59
http://www.buyeuroporn.com/,Adult,2025-03-29 09:16
http://www.analdreamhouse.com/30/03/agecheck/index.html,Adult,2025-05-27 00:53
http://www.world-sex-news.com/,Adult,2025-09-20 22:17
